,State,T_count
0,andaman-&-nicobar-islands,4200
1,andaman-&-nicobar-islands,1871
2,andaman-&-nicobar-islands,298
3,andaman-&-nicobar-islands,33
4,andaman-&-nicobar-islands,256
5,andaman-&-nicobar-islands,6735
6,andaman-&-nicobar-islands,3575
7,andaman-&-nicobar-islands,603
8,andaman-&-nicobar-islands,59
9,andaman-&-nicobar-islands,368
10,andaman-&-nicobar-islands,8636
11,andaman-&-nicobar-islands,6448
12,andaman-&-nicobar-islands,945
13,andaman-&-nicobar-islands,42
14,andaman-&-nicobar-islands,194
15,andaman-&-nicobar-islands,11517
16,andaman-&-nicobar-islands,10451
17,andaman-&-nicobar-islands,1421
18,andaman-&-nicobar-islands,29
19,andaman-&-nicobar-islands,340
20,andaman-&-nicobar-islands,15263
21,andaman-&-nicobar-islands,13119
22,andaman-&-nicobar-islands,1759
23,andaman-&-nicobar-islands,62
24,andaman-&-nicobar-islands,283
25,andaman-&-nicobar-islands,14676
26,andaman-&-nicobar-islands,14481
27,andaman-&-nicobar-islands,4031
28,andaman-&-nicobar-islands,124
29,andaman-&-nicobar-islands,377
30,andaman-&-nicobar-islands,16219
31,andaman-&-nicobar-islands,13767
32,andaman-&-nicobar-islands,3519
33,andaman-&-nicobar-islands,50
34,andaman-&-nicobar-islands,215
35,andaman-&-nicobar-islands,18128
36,andaman-&-nicobar-islands,13851
37,andaman-&-nicobar-islands,2920
38,andaman-&-nicobar-islands,60
39,andaman-&-nicobar-islands,200
40,andaman-&-nicobar-islands,18324
41,andaman-&-nicobar-islands,18268
42,andaman-&-nicobar-islands,4424
43,andaman-&-nicobar-islands,66
44,andaman-&-nicobar-islands,216
45,andaman-&-nicobar-islands,38125
46,andaman-&-nicobar-islands,20303
47,andaman-&-nicobar-islands,4004
48,andaman-&-nicobar-islands,175
49,andaman-&-nicobar-islands,355
50,andaman-&-nicobar-islands,59310
51,andaman-&-nicobar-islands,40697
52,andaman-&-nicobar-islands,16096
53,andaman-&-nicobar-islands,572
54,andaman-&-nicobar-islands,808
55,andaman-&-nicobar-islands,81439
56,andaman-&-nicobar-islands,80811
57,andaman-&-nicobar-islands,59391
58,andaman-&-nicobar-islands,965
59,andaman-&-nicobar-islands,1925
60,andaman-&-nicobar-islands,105458
61,andaman-&-nicobar-islands,84119
62,andaman-&-nicobar-islands,53090
63,andaman-&-nicobar-islands,884
64,andaman-&-nicobar-islands,1201
65,andaman-&-nicobar-islands,132772
66,andaman-&-nicobar-islands,120911
67,andaman-&-nicobar-islands,85143
68,andaman-&-nicobar-islands,960
69,andaman-&-nicobar-islands,1628
70,andaman-&-nicobar-islands,192321
71,andaman-&-nicobar-islands,136010
72,andaman-&-nicobar-islands,118340
73,andaman-&-nicobar-islands,990
74,andaman-&-nicobar-islands,2103
75,andaman-&-nicobar-islands,285778
76,andaman-&-nicobar-islands,210164
77,andaman-&-nicobar-islands,135608
78,andaman-&-nicobar-islands,1718
79,andaman-&-nicobar-islands,2855
80,andaman-&-nicobar-islands,342649
81,andaman-&-nicobar-islands,284298
82,andaman-&-nicobar-islands,163401
83,andaman-&-nicobar-islands,1757
84,andaman-&-nicobar-islands,2643
85,andaman-&-nicobar-islands,449540
86,andaman-&-nicobar-islands,437606
87,andaman-&-nicobar-islands,179515
88,andaman-&-nicobar-islands,1448
89,andaman-&-nicobar-islands,3108
90,andaman-&-nicobar-islands,716105
91,andaman-&-nicobar-islands,622217
92,andaman-&-nicobar-islands,240766
93,andaman-&-nicobar-islands,1814
94,andaman-&-nicobar-islands,3477
95,andaman-&-nicobar-islands,956536
96,andaman-&-nicobar-islands,768758
97,andaman-&-nicobar-islands,256050
98,andaman-&-nicobar-islands,2499
99,andaman-&-nicobar-islands,3692
100,andaman-&-nicobar-islands,1122063
101,andaman-&-nicobar-islands,862347
102,andaman-&-nicobar-islands,286024
103,andaman-&-nicobar-islands,2515
104,andaman-&-nicobar-islands,3443
105,andaman-&-nicobar-islands,1410653
106,andaman-&-nicobar-islands,970525
107,andaman-&-nicobar-islands,320922
108,andaman-&-nicobar-islands,2158
109,andaman-&-nicobar-islands,3517
110,andaman-&-nicobar-islands,1657848
111,andaman-&-nicobar-islands,1111211
112,andaman-&-nicobar-islands,323935
113,andaman-&-nicobar-islands,2199
114,andaman-&-nicobar-islands,3183
115,andaman-&-nicobar-islands,2039888
116,andaman-&-nicobar-islands,1321796
117,andaman-&-nicobar-islands,327460
118,andaman-&-nicobar-islands,3276
119,andaman-&-nicobar-islands,3363
120,andhra-pradesh,5027448
121,andhra-pradesh,3049646
122,andhra-pradesh,362672
123,andhra-pradesh,204305
124,andhra-pradesh,395514
125,andhra-pradesh,6456387
126,andhra-pradesh,4745000
127,andhra-pradesh,604847
128,andhra-pradesh,225621
129,andhra-pradesh,322063
130,andhra-pradesh,16129591
131,andhra-pradesh,7542005
132,andhra-pradesh,1225416
133,andhra-pradesh,380324
134,andhra-pradesh,348725
135,andhra-pradesh,17580086
136,andhra-pradesh,9767083
137,andhra-pradesh,2622131
138,andhra-pradesh,400837
139,andhra-pradesh,389411
140,andhra-pradesh,37420988
141,andhra-pradesh,14022264
142,andhra-pradesh,5043682
143,andhra-pradesh,416325
144,andhra-pradesh,361263
145,andhra-pradesh,32494402
146,andhra-pradesh,14093964
147,andhra-pradesh,9226537
148,andhra-pradesh,145310
149,andhra-pradesh,448802
150,andhra-pradesh,39023491
151,andhra-pradesh,20147629
152,andhra-pradesh,16581787
153,andhra-pradesh,122270
154,andhra-pradesh,413437
155,andhra-pradesh,57181511
156,andhra-pradesh,25122370
157,andhra-pradesh,24469888
158,andhra-pradesh,105662
159,andhra-pradesh,338672
160,andhra-pradesh,65452143
161,andhra-pradesh,31408022
162,andhra-pradesh,30449644
163,andhra-pradesh,75238
164,andhra-pradesh,292310
165,andhra-pradesh,73609921
166,andhra-pradesh,41013987
167,andhra-pradesh,29976765
168,andhra-pradesh,140941
169,andhra-pradesh,176241
170,andhra-pradesh,106791894
171,andhra-pradesh,54055557
172,andhra-pradesh,43500067
173,andhra-pradesh,243088
174,andhra-pradesh,312329
175,andhra-pradesh,152003791
176,andhra-pradesh,86581460
177,andhra-pradesh,46810304
178,andhra-pradesh,265470
179,andhra-pradesh,457527
180,andhra-pradesh,149313738
181,andhra-pradesh,97920281
182,andhra-pradesh,41940689
183,andhra-pradesh,225355
184,andhra-pradesh,347907
185,andhra-pradesh,189614879
186,andhra-pradesh,112875274
187,andhra-pradesh,49626902
188,andhra-pradesh,243237
189,andhra-pradesh,406842
190,andhra-pradesh,221280317
191,andhra-pradesh,158290953
192,andhra-pradesh,51702350
193,andhra-pradesh,211171
194,andhra-pradesh,547759
195,andhra-pradesh,262006450
196,andhra-pradesh,207538904
197,andhra-pradesh,51762842
198,andhra-pradesh,243951
199,andhra-pradesh,701856
200,andhra-pradesh,288488560
201,andhra-pradesh,242031836
202,andhra-pradesh,51224170
203,andhra-pradesh,231651
204,andhra-pradesh,627694
205,andhra-pradesh,321362337
206,andhra-pradesh,292530048
207,andhra-pradesh,56606969
208,andhra-pradesh,192751
209,andhra-pradesh,441925
210,andhra-pradesh,298804000
211,andhra-pradesh,291033653
212,andhra-pradesh,52467708
213,andhra-pradesh,187190
214,andhra-pradesh,362484
215,andhra-pradesh,321632104
216,andhra-pradesh,315734006
217,andhra-pradesh,52098850
218,andhra-pradesh,206459
219,andhra-pradesh,345658
220,andhra-pradesh,540680395
221,andhra-pradesh,514931308
222,andhra-pradesh,89143939
223,andhra-pradesh,288150
224,andhra-pradesh,488672
225,andhra-pradesh,634303064
226,andhra-pradesh,573455382
227,andhra-pradesh,97202487
228,andhra-pradesh,316533
229,andhra-pradesh,379498
230,andhra-pradesh,750265405
231,andhra-pradesh,623202203
232,andhra-pradesh,101000645
233,andhra-pradesh,361584
234,andhra-pradesh,334566
235,andhra-pradesh,822516631
236,andhra-pradesh,673002314
237,andhra-pradesh,100733697
238,andhra-pradesh,431705
239,andhra-pradesh,303079
240,arunachal-pradesh,28729
241,arunachal-pradesh,13320
242,arunachal-pradesh,1042
243,arunachal-pradesh,416
244,arunachal-pradesh,1990
245,arunachal-pradesh,50700
246,arunachal-pradesh,26477
247,arunachal-pradesh,2378
248,arunachal-pradesh,559
249,arunachal-pradesh,2043
250,arunachal-pradesh,74122
251,arunachal-pradesh,49740
252,arunachal-pradesh,4738
253,arunachal-pradesh,507
254,arunachal-pradesh,2039
255,arunachal-pradesh,97751
256,arunachal-pradesh,68169
257,arunachal-pradesh,7726
258,arunachal-pradesh,561
259,arunachal-pradesh,2222
260,arunachal-pradesh,121303
261,arunachal-pradesh,93494
262,arunachal-pradesh,9214
263,arunachal-pradesh,256
264,arunachal-pradesh,2239
265,arunachal-pradesh,131988
266,arunachal-pradesh,106527
267,arunachal-pradesh,16828
268,arunachal-pradesh,267
269,arunachal-pradesh,3046
270,arunachal-pradesh,216228
271,arunachal-pradesh,133484
272,arunachal-pradesh,16900
273,arunachal-pradesh,864
274,arunachal-pradesh,2758
275,arunachal-pradesh,259183
276,arunachal-pradesh,177833
277,arunachal-pradesh,19769
278,arunachal-pradesh,314
279,arunachal-pradesh,2376
280,arunachal-pradesh,329834
281,arunachal-pradesh,203429
282,arunachal-pradesh,31181
283,arunachal-pradesh,470
284,arunachal-pradesh,2261
285,arunachal-pradesh,522495
286,arunachal-pradesh,247861
287,arunachal-pradesh,35169
288,arunachal-pradesh,1310
289,arunachal-pradesh,1939
290,arunachal-pradesh,514907
291,arunachal-pradesh,370418
292,arunachal-pradesh,72736
293,arunachal-pradesh,1761
294,arunachal-pradesh,3005
295,arunachal-pradesh,522019
296,arunachal-pradesh,513895
297,arunachal-pradesh,167387
298,arunachal-pradesh,1749
299,arunachal-pradesh,4079
300,arunachal-pradesh,566209
301,arunachal-pradesh,450649
302,arunachal-pradesh,155966
303,arunachal-pradesh,1558
304,arunachal-pradesh,3074
305,arunachal-pradesh,762946
306,arunachal-pradesh,556680
307,arunachal-pradesh,243375
308,arunachal-pradesh,1582
309,arunachal-pradesh,3755
310,arunachal-pradesh,986088
311,arunachal-pradesh,600102
312,arunachal-pradesh,314658
313,arunachal-pradesh,1934
314,arunachal-pradesh,4185
315,arunachal-pradesh,1227616
316,arunachal-pradesh,633248
317,arunachal-pradesh,521447
318,arunachal-pradesh,2386
319,arunachal-pradesh,5901
320,arunachal-pradesh,1403584
321,arunachal-pradesh,720803
322,arunachal-pradesh,670576
323,arunachal-pradesh,3053
324,arunachal-pradesh,6052
325,arunachal-pradesh,1751568
326,arunachal-pradesh,1108353
327,arunachal-pradesh,688770
328,arunachal-pradesh,2466
329,arunachal-pradesh,5768
330,arunachal-pradesh,1967086
331,arunachal-pradesh,1316326
332,arunachal-pradesh,649322
333,arunachal-pradesh,1997
334,arunachal-pradesh,4687
335,arunachal-pradesh,2251135
336,arunachal-pradesh,1704968
337,arunachal-pradesh,669151
338,arunachal-pradesh,2617
339,arunachal-pradesh,4838
340,arunachal-pradesh,3879583
341,arunachal-pradesh,2922784
342,arunachal-pradesh,1229475
343,arunachal-pradesh,4142
344,arunachal-pradesh,6841
345,arunachal-pradesh,4883817
346,arunachal-pradesh,4091876
347,arunachal-pradesh,1374689
348,arunachal-pradesh,3392
349,arunachal-pradesh,6714
350,arunachal-pradesh,5889357
351,arunachal-pradesh,5451474
352,arunachal-pradesh,1450780
353,arunachal-pradesh,4825
354,arunachal-pradesh,5997
355,arunachal-pradesh,6678381
356,arunachal-pradesh,6435278
357,arunachal-pradesh,1491471
358,arunachal-pradesh,5573
359,arunachal-pradesh,7039
360,assam,632092
361,assam,318025
362,assam,40482
363,assam,18172
364,assam,48110
365,assam,984160
366,assam,530781
367,assam,79307
368,assam,22773
369,assam,46852
370,assam,1275136
371,assam,843571
372,assam,159532
373,assam,22677
374,assam,50935
375,assam,1703488
376,assam,1279089
377,assam,667293
378,assam,28035
379,assam,56267
380,assam,1993220
381,assam,1976310
382,assam,494871
383,assam,20162
384,assam,48442
385,assam,2512932
386,assam,2293770
387,assam,573646
388,assam,13654
389,assam,60927
390,assam,2713539
391,assam,2645302
392,assam,513728
393,assam,8606
394,assam,61396
395,assam,3222143
396,assam,2937800
397,assam,544053
398,assam,9621
399,assam,46893
400,assam,4058740
401,assam,3897975
402,assam,792646
403,assam,10173
404,assam,49326
405,assam,6045321
406,assam,3648386
407,assam,742400
408,assam,19814
409,assam,49278
410,assam,5637893
411,assam,5292154
412,assam,1383230
413,assam,24954
414,assam,59480
415,assam,7538478
416,assam,5383505
417,assam,2392184
418,assam,29764
419,assam,79523
420,assam,9449096
421,assam,6494111
422,assam,3459132
423,assam,34049
424,assam,75672
425,assam,11668399
426,assam,9058005
427,assam,4562669
428,assam,49671
429,assam,94161
430,assam,15617592
431,assam,10284267
432,assam,7431371
433,assam,39479
434,assam,131732
435,assam,21393962
436,assam,12895755
437,assam,11484376
438,assam,60724
439,assam,185544
440,assam,27156085
441,assam,19011883
442,assam,12474674
443,assam,68432
444,assam,178812
445,assam,33879530
446,assam,28377534
447,assam,13858113
448,assam,50785
449,assam,168763
450,assam,37000266
451,assam,34935460
452,assam,13974568
453,assam,65066
454,assam,138451
455,assam,44828832
456,assam,43605784
457,assam,15344794
458,assam,74414
459,assam,127443
460,assam,48987048
461,assam,48461200
462,assam,16113464
463,assam,82270
464,assam,116656
465,assam,62403711
466,assam,57852989
467,assam,17858409
468,assam,81172
469,assam,94672
470,assam,82126315
471,assam,66737077
472,assam,18524152
473,assam,105975
474,assam,81832
475,assam,95438754
476,assam,79797949
477,assam,18323202
478,assam,119386
479,assam,72866
480,bihar,3159922
481,bihar,2052089
482,bihar,194295
483,bihar,138885
484,bihar,279111
485,bihar,4346849
486,bihar,3447898
487,bihar,311487
488,bihar,267433
489,bihar,258711
490,bihar,8893764
491,bihar,4401439
492,bihar,586862
493,bihar,274510
494,bihar,211229
495,bihar,8094296
496,bihar,5469096
497,bihar,1680664
498,bihar,237247
499,bihar,251098
500,bihar,16807040
501,bihar,7036367
502,bihar,2055267
503,bihar,204689
504,bihar,252871
505,bihar,15837449
506,bihar,9279442
507,bihar,4365465
508,bihar,129603
509,bihar,348520
510,bihar,15446119
511,bihar,9115040
512,bihar,7206001
513,bihar,89997
514,bihar,282743
515,bihar,26337842
516,bihar,11358597
517,bihar,5519582
518,bihar,100192
519,bihar,214101
520,bihar,23163922
521,bihar,13837430
522,bihar,7822567
523,bihar,57233
524,bihar,200663
525,bihar,26572651
526,bihar,19522564
527,bihar,7011681
528,bihar,73119
529,bihar,206727
530,bihar,37294332
531,bihar,19027978
532,bihar,14777337
533,bihar,104135
534,bihar,299966
535,bihar,49432098
536,bihar,26750991
537,bihar,19908687
538,bihar,119416
539,bihar,380481
540,bihar,58566582
541,bihar,33959313
542,bihar,21974086
543,bihar,124277
544,bihar,308219
545,bihar,78694099
546,bihar,44686786
547,bihar,31646149
548,bihar,149791
549,bihar,426797
550,bihar,92785704
551,bihar,64094961
552,bihar,30081746
553,bihar,135748
554,bihar,572954
555,bihar,117340712
556,bihar,95992559
557,bihar,30824177
558,bihar,186298
559,bihar,783199
560,bihar,138085265
561,bihar,114892163
562,bihar,30545266
563,bihar,169722
564,bihar,698018
565,bihar,164119431
566,bihar,158289353
567,bihar,36950622
568,bihar,124199
569,bihar,661424
570,bihar,198273336
571,bihar,192304951
572,bihar,46044353
573,bihar,179533
574,bihar,565212
575,bihar,243777692
576,bihar,225487662
577,bihar,47054083
578,bihar,205989
579,bihar,559223
580,bihar,251601655
581,bihar,245677870
582,bihar,49781169
583,bihar,194601
584,bihar,575900
585,bihar,330603039
586,bihar,293616270
587,bihar,58928748
588,bihar,211722
589,bihar,573315
590,bihar,361940401
591,bihar,311779356
592,bihar,59732275
593,bihar,270376
594,bihar,516343
595,bihar,466122317
596,bihar,394813298
597,bihar,62582448
598,bihar,333579
599,bihar,575632
600,chandigarh,201262
601,chandigarh,135136
602,chandigarh,21431
603,chandigarh,8473
604,chandigarh,15593
605,chandigarh,224548
606,chandigarh,194627
607,chandigarh,34606
608,chandigarh,11927
609,chandigarh,13376
610,chandigarh,295358
611,chandigarh,236445
612,chandigarh,64998
613,chandigarh,7642
614,chandigarh,12493
615,chandigarh,431461
616,chandigarh,310527
617,chandigarh,135266
618,chandigarh,10008
619,chandigarh,17854
620,chandigarh,689400
621,chandigarh,390610
622,chandigarh,169984
623,chandigarh,7412
624,chandigarh,17070
625,chandigarh,604849
626,chandigarh,342294
627,chandigarh,277811
628,chandigarh,5590
629,chandigarh,21926
630,chandigarh,722233
631,chandigarh,447069
632,chandigarh,308219
633,chandigarh,2447
634,chandigarh,26575
635,chandigarh,927850
636,chandigarh,561630
637,chandigarh,338203
638,chandigarh,1911
639,chandigarh,21321
640,chandigarh,1087401
641,chandigarh,764832
642,chandigarh,389851
643,chandigarh,1574
644,chandigarh,18853
645,chandigarh,766698
646,chandigarh,390906
647,chandigarh,361577
648,chandigarh,1797
649,chandigarh,7032
650,chandigarh,981986
651,chandigarh,796634
652,chandigarh,366353
653,chandigarh,2643
654,chandigarh,10470
655,chandigarh,1322026
656,chandigarh,1159377
657,chandigarh,409997
658,chandigarh,3346
659,chandigarh,17970
660,chandigarh,1799072
661,chandigarh,1472084
662,chandigarh,678396
663,chandigarh,5111
664,chandigarh,15574
665,chandigarh,1926913
666,chandigarh,1663559
667,chandigarh,806710
668,chandigarh,5502
669,chandigarh,14863
670,chandigarh,3179506
671,chandigarh,2434417
672,chandigarh,1008585
673,chandigarh,5700
674,chandigarh,21170
675,chandigarh,4056249
676,chandigarh,2797561
677,chandigarh,1013153
678,chandigarh,7038
679,chandigarh,24902
680,chandigarh,4511757
681,chandigarh,3012464
682,chandigarh,1046187
683,chandigarh,7228
684,chandigarh,22855
685,chandigarh,6136803
686,chandigarh,3489382
687,chandigarh,1119367
688,chandigarh,6673
689,chandigarh,20264
690,chandigarh,7665907
691,chandigarh,4423590
692,chandigarh,1360342
693,chandigarh,8868
694,chandigarh,19466
695,chandigarh,10170372
696,chandigarh,5951989
697,chandigarh,1749647
698,chandigarh,10778
699,chandigarh,22054
700,chandigarh,6460913
701,chandigarh,2634119
702,chandigarh,700479
703,chandigarh,8163
704,chandigarh,11931
705,chandigarh,7747501
706,chandigarh,3048793
707,chandigarh,737650
708,chandigarh,8262
709,chandigarh,11481
710,chandigarh,8849667
711,chandigarh,3410620
712,chandigarh,771020
713,chandigarh,10756
714,chandigarh,10102
715,chandigarh,9052694
716,chandigarh,3480727
717,chandigarh,725553
718,chandigarh,10241
719,chandigarh,10863
720,chhattisgarh,1177618
721,chhattisgarh,550697
722,chhattisgarh,42411
723,chhattisgarh,33002
724,chhattisgarh,87786
725,chhattisgarh,1643461
726,chhattisgarh,933066
727,chhattisgarh,118438
728,chhattisgarh,40299
729,chhattisgarh,80892
730,chhattisgarh,1911374
731,chhattisgarh,1619886
732,chhattisgarh,220572
733,chhattisgarh,31927
734,chhattisgarh,75845
735,chhattisgarh,2438959
736,chhattisgarh,2342713
737,chhattisgarh,458091
738,chhattisgarh,42199
739,chhattisgarh,83882
740,chhattisgarh,4068056
741,chhattisgarh,2997095
742,chhattisgarh,710047
743,chhattisgarh,33835
744,chhattisgarh,78636
745,chhattisgarh,4350167
746,chhattisgarh,3435305
747,chhattisgarh,1483870
748,chhattisgarh,22563
749,chhattisgarh,98040
750,chhattisgarh,5021844
751,chhattisgarh,4335851
752,chhattisgarh,2772084
753,chhattisgarh,16452
754,chhattisgarh,96880
755,chhattisgarh,7241974
756,chhattisgarh,5112337
757,chhattisgarh,3852716
758,chhattisgarh,14974
759,chhattisgarh,83757
760,chhattisgarh,8109789
761,chhattisgarh,6400067
762,chhattisgarh,4923214
763,chhattisgarh,12424
764,chhattisgarh,78497
765,chhattisgarh,8366200
766,chhattisgarh,7216219
767,chhattisgarh,3158417
768,chhattisgarh,19986
769,chhattisgarh,60103
770,chhattisgarh,9734445
771,chhattisgarh,8705513
772,chhattisgarh,5591916
773,chhattisgarh,34893
774,chhattisgarh,81772
775,chhattisgarh,14257312
776,chhattisgarh,11677743
777,chhattisgarh,9423324
778,chhattisgarh,41308
779,chhattisgarh,129949
780,chhattisgarh,15621154
781,chhattisgarh,15222763
782,chhattisgarh,8456094
783,chhattisgarh,37395
784,chhattisgarh,99031
785,chhattisgarh,18387345
786,chhattisgarh,15369311
787,chhattisgarh,10764784
788,chhattisgarh,40213
789,chhattisgarh,127767
790,chhattisgarh,27552743
791,chhattisgarh,25447410
792,chhattisgarh,11039088
793,chhattisgarh,38817
794,chhattisgarh,159880
795,chhattisgarh,40526025
796,chhattisgarh,32799167
797,chhattisgarh,11115444
798,chhattisgarh,55237
799,chhattisgarh,221621
800,chhattisgarh,48236094
801,chhattisgarh,37457039
802,chhattisgarh,11466264
803,chhattisgarh,52918
804,chhattisgarh,200977
805,chhattisgarh,61093916
806,chhattisgarh,42532112
807,chhattisgarh,12737942
808,chhattisgarh,41530
809,chhattisgarh,178548
810,chhattisgarh,84355775
811,chhattisgarh,57116149
812,chhattisgarh,16538894
813,chhattisgarh,55775
814,chhattisgarh,185994
815,chhattisgarh,97405954
816,chhattisgarh,63986789
817,chhattisgarh,16324117
818,chhattisgarh,63695
819,chhattisgarh,179891
820,chhattisgarh,115821237
821,chhattisgarh,76752033
822,chhattisgarh,21896029
823,chhattisgarh,72038
824,chhattisgarh,207620
825,chhattisgarh,138222517
826,chhattisgarh,86887081
827,chhattisgarh,24550623
828,chhattisgarh,77813
829,chhattisgarh,193602
830,chhattisgarh,161142673
831,chhattisgarh,97060888
832,chhattisgarh,25011103
833,chhattisgarh,95807
834,chhattisgarh,182186
835,chhattisgarh,185440451
836,chhattisgarh,110795079
837,chhattisgarh,25330600
838,chhattisgarh,115404
839,chhattisgarh,194798
840,dadra-&-nagar-haveli-&-daman-&-diu,95544
841,dadra-&-nagar-haveli-&-daman-&-diu,44599
842,dadra-&-nagar-haveli-&-daman-&-diu,1531
843,dadra-&-nagar-haveli-&-daman-&-diu,1364
844,dadra-&-nagar-haveli-&-daman-&-diu,5511
845,dadra-&-nagar-haveli-&-daman-&-diu,122834
846,dadra-&-nagar-haveli-&-daman-&-diu,69215
847,dadra-&-nagar-haveli-&-daman-&-diu,3544
848,dadra-&-nagar-haveli-&-daman-&-diu,2996
849,dadra-&-nagar-haveli-&-daman-&-diu,4037
850,dadra-&-nagar-haveli-&-daman-&-diu,157113
851,dadra-&-nagar-haveli-&-daman-&-diu,119346
852,dadra-&-nagar-haveli-&-daman-&-diu,7465
853,dadra-&-nagar-haveli-&-daman-&-diu,1477
854,dadra-&-nagar-haveli-&-daman-&-diu,4174
855,dadra-&-nagar-haveli-&-daman-&-diu,194214
856,dadra-&-nagar-haveli-&-daman-&-diu,185793
857,dadra-&-nagar-haveli-&-daman-&-diu,15739
858,dadra-&-nagar-haveli-&-daman-&-diu,5340
859,dadra-&-nagar-haveli-&-daman-&-diu,408465
860,dadra-&-nagar-haveli-&-daman-&-diu,225998
861,dadra-&-nagar-haveli-&-daman-&-diu,20694
862,dadra-&-nagar-haveli-&-daman-&-diu,1645
863,dadra-&-nagar-haveli-&-daman-&-diu,5012
864,dadra-&-nagar-haveli-&-daman-&-diu,244134
865,dadra-&-nagar-haveli-&-daman-&-diu,198184
866,dadra-&-nagar-haveli-&-daman-&-diu,40781
867,dadra-&-nagar-haveli-&-daman-&-diu,748
868,dadra-&-nagar-haveli-&-daman-&-diu,5809
869,dadra-&-nagar-haveli-&-daman-&-diu,319142
870,dadra-&-nagar-haveli-&-daman-&-diu,249944
871,dadra-&-nagar-haveli-&-daman-&-diu,63616
872,dadra-&-nagar-haveli-&-daman-&-diu,533
873,dadra-&-nagar-haveli-&-daman-&-diu,5516
874,dadra-&-nagar-haveli-&-daman-&-diu,351819
875,dadra-&-nagar-haveli-&-daman-&-diu,324464
876,dadra-&-nagar-haveli-&-daman-&-diu,86758
877,dadra-&-nagar-haveli-&-daman-&-diu,1019
878,dadra-&-nagar-haveli-&-daman-&-diu,4911
879,dadra-&-nagar-haveli-&-daman-&-diu,407577
880,dadra-&-nagar-haveli-&-daman-&-diu,329005
881,dadra-&-nagar-haveli-&-daman-&-diu,137040
882,dadra-&-nagar-haveli-&-daman-&-diu,668
883,dadra-&-nagar-haveli-&-daman-&-diu,4289
884,dadra-&-nagar-haveli-&-daman-&-diu,525974
885,dadra-&-nagar-haveli-&-daman-&-diu,323909
886,dadra-&-nagar-haveli-&-daman-&-diu,118801
887,dadra-&-nagar-haveli-&-daman-&-diu,1826
888,dadra-&-nagar-haveli-&-daman-&-diu,2642
889,dadra-&-nagar-haveli-&-daman-&-diu,455603
890,dadra-&-nagar-haveli-&-daman-&-diu,419524
891,dadra-&-nagar-haveli-&-daman-&-diu,257572
892,dadra-&-nagar-haveli-&-daman-&-diu,1635
893,dadra-&-nagar-haveli-&-daman-&-diu,3978
894,dadra-&-nagar-haveli-&-daman-&-diu,666995
895,dadra-&-nagar-haveli-&-daman-&-diu,631443
896,dadra-&-nagar-haveli-&-daman-&-diu,509971
897,dadra-&-nagar-haveli-&-daman-&-diu,2453
898,dadra-&-nagar-haveli-&-daman-&-diu,6929
899,dadra-&-nagar-haveli-&-daman-&-diu,768921
900,dadra-&-nagar-haveli-&-daman-&-diu,705821
901,dadra-&-nagar-haveli-&-daman-&-diu,442926
902,dadra-&-nagar-haveli-&-daman-&-diu,2243
903,dadra-&-nagar-haveli-&-daman-&-diu,5333
904,dadra-&-nagar-haveli-&-daman-&-diu,843550
905,dadra-&-nagar-haveli-&-daman-&-diu,802899
906,dadra-&-nagar-haveli-&-daman-&-diu,471136
907,dadra-&-nagar-haveli-&-daman-&-diu,5672
908,dadra-&-nagar-haveli-&-daman-&-diu,1312241
909,dadra-&-nagar-haveli-&-daman-&-diu,1262732
910,dadra-&-nagar-haveli-&-daman-&-diu,544322
911,dadra-&-nagar-haveli-&-daman-&-diu,2065
912,dadra-&-nagar-haveli-&-daman-&-diu,8110
913,dadra-&-nagar-haveli-&-daman-&-diu,2013673
914,dadra-&-nagar-haveli-&-daman-&-diu,1577168
915,dadra-&-nagar-haveli-&-daman-&-diu,551618
916,dadra-&-nagar-haveli-&-daman-&-diu,2909
917,dadra-&-nagar-haveli-&-daman-&-diu,11717
918,dadra-&-nagar-haveli-&-daman-&-diu,2507246
919,dadra-&-nagar-haveli-&-daman-&-diu,1745454
920,dadra-&-nagar-haveli-&-daman-&-diu,538134
921,dadra-&-nagar-haveli-&-daman-&-diu,2574
922,dadra-&-nagar-haveli-&-daman-&-diu,9395
923,dadra-&-nagar-haveli-&-daman-&-diu,3346697
924,dadra-&-nagar-haveli-&-daman-&-diu,1861799
925,dadra-&-nagar-haveli-&-daman-&-diu,539562
926,dadra-&-nagar-haveli-&-daman-&-diu,1849
927,dadra-&-nagar-haveli-&-daman-&-diu,9864
928,dadra-&-nagar-haveli-&-daman-&-diu,3777156
929,dadra-&-nagar-haveli-&-daman-&-diu,2086741
930,dadra-&-nagar-haveli-&-daman-&-diu,592431
931,dadra-&-nagar-haveli-&-daman-&-diu,2237
932,dadra-&-nagar-haveli-&-daman-&-diu,7056
933,dadra-&-nagar-haveli-&-daman-&-diu,4415771
934,dadra-&-nagar-haveli-&-daman-&-diu,2215052
935,dadra-&-nagar-haveli-&-daman-&-diu,548795
936,dadra-&-nagar-haveli-&-daman-&-diu,2495
937,dadra-&-nagar-haveli-&-daman-&-diu,7472
938,dadra-&-nagar-haveli-&-daman-&-diu,7184933
939,dadra-&-nagar-haveli-&-daman-&-diu,3623830
940,dadra-&-nagar-haveli-&-daman-&-diu,979503
941,dadra-&-nagar-haveli-&-daman-&-diu,3546
942,dadra-&-nagar-haveli-&-daman-&-diu,12173
943,dadra-&-nagar-haveli-&-daman-&-diu,8331573
944,dadra-&-nagar-haveli-&-daman-&-diu,3962990
945,dadra-&-nagar-haveli-&-daman-&-diu,1046280
946,dadra-&-nagar-haveli-&-daman-&-diu,3985
947,dadra-&-nagar-haveli-&-daman-&-diu,12287
948,dadra-&-nagar-haveli-&-daman-&-diu,9582597
949,dadra-&-nagar-haveli-&-daman-&-diu,4630867
950,dadra-&-nagar-haveli-&-daman-&-diu,1139193
951,dadra-&-nagar-haveli-&-daman-&-diu,5572
952,dadra-&-nagar-haveli-&-daman-&-diu,12099
953,dadra-&-nagar-haveli-&-daman-&-diu,11765508
954,dadra-&-nagar-haveli-&-daman-&-diu,5347152
955,dadra-&-nagar-haveli-&-daman-&-diu,1169931
956,dadra-&-nagar-haveli-&-daman-&-diu,5597
957,dadra-&-nagar-haveli-&-daman-&-diu,14185
958,delhi,3947297
959,delhi,2380820
960,delhi,339809
961,delhi,136240
962,delhi,318588
963,delhi,4511737
964,delhi,3542716
965,delhi,837001
966,delhi,205991
967,delhi,276278
968,delhi,8557153
969,delhi,5305635
970,delhi,3808395
971,delhi,274526
972,delhi,601339
973,delhi,9973249
974,delhi,9958967
975,delhi,7483633
976,delhi,265004
977,delhi,1506866
978,delhi,20216287
979,delhi,13875931
980,delhi,10744978
981,delhi,223095
982,delhi,1947036
983,delhi,20891431
984,delhi,20570311
985,delhi,12869453
986,delhi,137774
987,delhi,2702543
988,delhi,29453368
989,delhi,25201978
990,delhi,11133404
991,delhi,92061
992,delhi,3657065
993,delhi,33040093
994,delhi,32537378
995,delhi,11609898
996,delhi,57063
997,delhi,3500565
998,delhi,33951545
999,delhi,32410795
1000,delhi,12822919
1001,delhi,46529
1002,delhi,2515816
1003,delhi,27155938
1004,delhi,24963931
1005,delhi,13568505
1006,delhi,64790
1007,delhi,288854
1008,delhi,41498638
1009,delhi,40973792
1010,delhi,13448341
1011,delhi,85689
1012,delhi,485401
1013,delhi,54581166
1014,delhi,49631928
1015,delhi,14862946
1016,delhi,114862
1017,delhi,1349515
1018,delhi,72615587
1019,delhi,61957428
1020,delhi,21164274
1021,delhi,153039
1022,delhi,1468676
1023,delhi,75620295
1024,delhi,68497718
1025,delhi,25026678
1026,delhi,158170
1027,delhi,854403
1028,delhi,115250887
1029,delhi,93292876
1030,delhi,28427032
1031,delhi,144460
1032,delhi,1645353
1033,delhi,149204611
1034,delhi,112380292
1035,delhi,30127352
1036,delhi,199280
1037,delhi,771824
1038,delhi,174454937
1039,delhi,125111881
1040,delhi,29435981
1041,delhi,195184
1042,delhi,1801878
1043,delhi,233412802
1044,delhi,143447534
1045,delhi,32971294
1046,delhi,160827
1047,delhi,641727
1048,delhi,276635347
1049,delhi,160580425
1050,delhi,37572389
1051,delhi,195218
1052,delhi,608782
1053,delhi,305621913
1054,delhi,171970100
1055,delhi,36775874
1056,delhi,228639
1057,delhi,606931
1058,delhi,246682850
1059,delhi,135403837
1060,delhi,26976608
1061,delhi,206979
1062,delhi,482829
1063,delhi,300493650
1064,delhi,151909146
1065,delhi,29059235
1066,delhi,219538
1067,delhi,457429
1068,delhi,347213404
1069,delhi,167791074
1070,delhi,31015600
1071,delhi,275512
1072,delhi,411393
1073,delhi,381250463
1074,delhi,185276322
1075,delhi,30903762
1076,delhi,317005
1077,delhi,403194
1078,goa,85991
1079,goa,59651
1080,goa,7880
1081,goa,1191
1082,goa,6184
1083,goa,120943
1084,goa,87878
1085,goa,12456
1086,goa,1903
1087,goa,6395
1088,goa,158797
1089,goa,150297
1090,goa,21587
1091,goa,1867
1092,goa,6963
1093,goa,246426
1094,goa,212122
1095,goa,45586
1096,goa,2523
1097,goa,8098
1098,goa,378848
1099,goa,275277
1100,goa,74527
1101,goa,2013
1102,goa,8147
1103,goa,373759
1104,goa,278060
1105,goa,104592
1106,goa,1211
1107,goa,10819
1108,goa,475178
1109,goa,453806
1110,goa,150578
1111,goa,1510
1112,goa,11344
1113,goa,698728
1114,goa,552421
1115,goa,250893
1116,goa,1497
1117,goa,11733
1118,goa,817198
1119,goa,678079
1120,goa,373110
1121,goa,1762
1122,goa,11088
1123,goa,758617
1124,goa,493326
1125,goa,221358
1126,goa,3081
1127,goa,5710
1128,goa,759351
1129,goa,696770
1130,goa,446880
1131,goa,4985
1132,goa,7545
1133,goa,1550251
1134,goa,1389834
1135,goa,839199
1136,goa,7287
1137,goa,14810
1138,goa,2235456
1139,goa,2195509
1140,goa,880682
1141,goa,8138
1142,goa,11764
1143,goa,1869384
1144,goa,1866837
1145,goa,953219
1146,goa,8303
1147,goa,12392
1148,goa,2865625
1149,goa,2560305
1150,goa,1017351
1151,goa,8337
1152,goa,16145
1153,goa,5474662
1154,goa,4408822
1155,goa,1170180
1156,goa,11320
1157,goa,23775
1158,goa,6364271
1159,goa,4640380
1160,goa,1177071
1161,goa,11677
1162,goa,20699
1163,goa,7812998
1164,goa,5097942
1165,goa,1279377
1166,goa,10666
1167,goa,15071
1168,goa,7595135
1169,goa,4449008
1170,goa,1122869
1171,goa,9992
1172,goa,11683
1173,goa,10319138
1174,goa,5652373
1175,goa,1195865
1176,goa,12147
1177,goa,13151
1178,goa,14273665
1179,goa,8071768
1180,goa,1816029
1181,goa,16209
1182,goa,17399
1183,goa,15990744
1184,goa,8589659
1185,goa,1917200
1186,goa,17352
1187,goa,15635
1188,goa,16565190
1189,goa,8489945
1190,goa,1913363
1191,goa,17422
1192,goa,13808
1193,goa,21003656
1194,goa,10430430
1195,goa,1991324
1196,goa,20827
1197,goa,14741
1198,gujarat,3691952
1199,gujarat,1738974
1200,gujarat,145436
1201,gujarat,122117
1202,gujarat,250296
1203,gujarat,4643367
1204,gujarat,2483231
1205,gujarat,275503
1206,gujarat,140704
1207,gujarat,202928
1208,gujarat,5287200
1209,gujarat,5117168
1210,gujarat,573440
1211,gujarat,136468
1212,gujarat,219873
1213,gujarat,6488202
1214,gujarat,6138404
1215,gujarat,1656377
1216,gujarat,133915
1217,gujarat,316405
1218,gujarat,13465044
1219,gujarat,8595256
1220,gujarat,2493340
1221,gujarat,114539
1222,gujarat,323272
1223,gujarat,12547493
1224,gujarat,10434449
1225,gujarat,5486791
1226,gujarat,70502
1227,gujarat,442607
1228,gujarat,14529353
1229,gujarat,11788077
1230,gujarat,11349625
1231,gujarat,78609
1232,gujarat,482985
1233,gujarat,19107911
1234,gujarat,12967713
1235,gujarat,9964076
1236,gujarat,63498
1237,gujarat,444434
1238,gujarat,19068093
1239,gujarat,15648472
1240,gujarat,12191478
1241,gujarat,50753
1242,gujarat,367621
1243,gujarat,19971660
1244,gujarat,17569398
1245,gujarat,9645967
1246,gujarat,59617
1247,gujarat,173543
1248,gujarat,23130724
1249,gujarat,18338969
1250,gujarat,17481357
1251,gujarat,92278
1252,gujarat,246851
1253,gujarat,29967258
1254,gujarat,28430460
1255,gujarat,18943669
1256,gujarat,113371
1257,gujarat,373789
1258,gujarat,36427493
1259,gujarat,35815382
1260,gujarat,22088838
1261,gujarat,126380
1262,gujarat,316472
1263,gujarat,42593432
1264,gujarat,41642387
1265,gujarat,27127405
1266,gujarat,128647
1267,gujarat,349525
1268,gujarat,62934471
1269,gujarat,56134212
1270,gujarat,29580901
1271,gujarat,125167
1272,gujarat,473656
1273,gujarat,84846502
1274,gujarat,67301686
1275,gujarat,30072479
1276,gujarat,175393
1277,gujarat,591265
1278,gujarat,101648378
1279,gujarat,77768758
1280,gujarat,30473298
1281,gujarat,160423
1282,gujarat,496289
1283,gujarat,131610193
1284,gujarat,86423696
1285,gujarat,33424931
1286,gujarat,125180
1287,gujarat,468796
1288,gujarat,161264265
1289,gujarat,103034790
1290,gujarat,38383683
1291,gujarat,152053
1292,gujarat,404941
1293,gujarat,186533503
1294,gujarat,114868478
1295,gujarat,39167297
1296,gujarat,179101
1297,gujarat,407639
1298,gujarat,199359623
1299,gujarat,120907384
1300,gujarat,41649002
1301,gujarat,180163
1302,gujarat,415154
1303,gujarat,239396654
1304,gujarat,132035120
1305,gujarat,44902296
1306,gujarat,191053
1307,gujarat,397430
1308,gujarat,279651861
1309,gujarat,151754885
1310,gujarat,47284770
1311,gujarat,246300
1312,gujarat,365774
1313,gujarat,319459808
1314,gujarat,166959749
1315,gujarat,47046378
1316,gujarat,271611
1317,gujarat,378032
1318,haryana,2368002
1319,haryana,1607193
1320,haryana,167816
1321,haryana,128636
1322,haryana,209123
1323,haryana,3054284
1324,haryana,2388953
1325,haryana,369916
1326,haryana,167570
1327,haryana,170208
1328,haryana,3753981
1329,haryana,3203386
1330,haryana,1003057
1331,haryana,100452
1332,haryana,201148
1333,haryana,5905032
1334,haryana,4116262
1335,haryana,2413446
1336,haryana,120711
1337,haryana,394732
1338,haryana,12622225
1339,haryana,5576577
1340,haryana,3361995
1341,haryana,101786
1342,haryana,473192
1343,haryana,10387562
1344,haryana,5902923
1345,haryana,5738283
1346,haryana,57488
1347,haryana,655560
1348,haryana,11775288
1349,haryana,9386779
1350,haryana,8289987
1351,haryana,61503
1352,haryana,829974
1353,haryana,15729819
1354,haryana,11615667
1355,haryana,9648003
1356,haryana,41688
1357,haryana,790808
1358,haryana,17728235
1359,haryana,14327020
1360,haryana,11346112
1361,haryana,34488
1362,haryana,600232
1363,haryana,17334369
1364,haryana,12740328
1365,haryana,11527654
1366,haryana,48759
1367,haryana,129940
1368,haryana,24123449
1369,haryana,20845136
1370,haryana,12716319
1371,haryana,66457
1372,haryana,186818
1373,haryana,34063692
1374,haryana,33920789
1375,haryana,14682896
1376,haryana,84881
1377,haryana,419181
1378,haryana,39363588
1379,haryana,36764622
1380,haryana,13680353
1381,haryana,79784
1382,haryana,364437
1383,haryana,45335533
1384,haryana,44086559
1385,haryana,15861047
1386,haryana,85821
1387,haryana,311896
1388,haryana,66885213
1389,haryana,55929958
1390,haryana,17087955
1391,haryana,77496
1392,haryana,479071
1393,haryana,84993587
1394,haryana,66548306
1395,haryana,17632752
1396,haryana,105050
1397,haryana,407280
1398,haryana,98346418
1399,haryana,74499889
1400,haryana,18494827
1401,haryana,107240
1402,haryana,540235
1403,haryana,130033573
1404,haryana,84219451
1405,haryana,20011709
1406,haryana,89805
1407,haryana,345424
1408,haryana,151278013
1409,haryana,95071203
1410,haryana,22592966
1411,haryana,111032
1412,haryana,308596
1413,haryana,169685872
1414,haryana,102993798
1415,haryana,23545059
1416,haryana,118488
1417,haryana,305148
1418,haryana,220693824
1419,haryana,128879993
1420,haryana,31210728
1421,haryana,158036
1422,haryana,375883
1423,haryana,275974807
1424,haryana,147382711
1425,haryana,33655091
1426,haryana,172309
1427,haryana,351272
1428,haryana,310148821
1429,haryana,156760079
1430,haryana,34105227
1431,haryana,198713
1432,haryana,306638
1433,haryana,343440148
1434,haryana,175429519
1435,haryana,35320482
1436,haryana,238826
1437,haryana,319258
1438,himachal-pradesh,284371
1439,himachal-pradesh,154572
1440,himachal-pradesh,13241
1441,himachal-pradesh,8955
1442,himachal-pradesh,20779
1443,himachal-pradesh,385642
1444,himachal-pradesh,243436
1445,himachal-pradesh,27851
1446,himachal-pradesh,11330
1447,himachal-pradesh,19436
1448,himachal-pradesh,457449
1449,himachal-pradesh,362755
1450,himachal-pradesh,40675
1451,himachal-pradesh,8182
1452,himachal-pradesh,17693
1453,himachal-pradesh,598325
1454,himachal-pradesh,590518
1455,himachal-pradesh,86963
1456,himachal-pradesh,11834
1457,himachal-pradesh,20243
1458,himachal-pradesh,1178280
1459,himachal-pradesh,844570
1460,himachal-pradesh,115553
1461,himachal-pradesh,9585
1462,himachal-pradesh,20730
1463,himachal-pradesh,1141873
1464,himachal-pradesh,1076793
1465,himachal-pradesh,248517
1466,himachal-pradesh,5013
1467,himachal-pradesh,30110
1468,himachal-pradesh,1212659
1469,himachal-pradesh,1181680
1470,himachal-pradesh,312575
1471,himachal-pradesh,3096
1472,himachal-pradesh,25170
1473,himachal-pradesh,1579582
1474,himachal-pradesh,1442940
1475,himachal-pradesh,467309
1476,himachal-pradesh,4576
1477,himachal-pradesh,22239
1478,himachal-pradesh,1815157
1479,himachal-pradesh,1594806
1480,himachal-pradesh,711018
1481,himachal-pradesh,4711
1482,himachal-pradesh,18788
1483,himachal-pradesh,2558935
1484,himachal-pradesh,1544488
1485,himachal-pradesh,570031
1486,himachal-pradesh,7634
1487,himachal-pradesh,14642
1488,himachal-pradesh,2416395
1489,himachal-pradesh,1954492
1490,himachal-pradesh,1090445
1491,himachal-pradesh,9543
1492,himachal-pradesh,19001
1493,himachal-pradesh,2638030
1494,himachal-pradesh,2594659
1495,himachal-pradesh,2001259
1496,himachal-pradesh,11353
1497,himachal-pradesh,27027
1498,himachal-pradesh,2845733
1499,himachal-pradesh,2547359
1500,himachal-pradesh,2186946
1501,himachal-pradesh,12561
1502,himachal-pradesh,21430
1503,himachal-pradesh,3340531
1504,himachal-pradesh,3216602
1505,himachal-pradesh,2883209
1506,himachal-pradesh,28918
1507,himachal-pradesh,4455153
1508,himachal-pradesh,4198808
1509,himachal-pradesh,3359406
1510,himachal-pradesh,14497
1511,himachal-pradesh,36303
1512,himachal-pradesh,6062931
1513,himachal-pradesh,5323397
1514,himachal-pradesh,3211367
1515,himachal-pradesh,18198
1516,himachal-pradesh,50971
1517,himachal-pradesh,7030946
1518,himachal-pradesh,5718936
1519,himachal-pradesh,3271665
1520,himachal-pradesh,19314
1521,himachal-pradesh,47319
1522,himachal-pradesh,10591420
1523,himachal-pradesh,7109948
1524,himachal-pradesh,3520538
1525,himachal-pradesh,16901
1526,himachal-pradesh,52564
1527,himachal-pradesh,12686960
1528,himachal-pradesh,8330778
1529,himachal-pradesh,4083168
1530,himachal-pradesh,21293
1531,himachal-pradesh,42669
1532,himachal-pradesh,15297492
1533,himachal-pradesh,9284824
1534,himachal-pradesh,3907023
1535,himachal-pradesh,24342
1536,himachal-pradesh,41455
1537,himachal-pradesh,14694013
1538,himachal-pradesh,8637695
1539,himachal-pradesh,3901516
1540,himachal-pradesh,25722
1541,himachal-pradesh,42780
1542,himachal-pradesh,19954117
1543,himachal-pradesh,10781507
1544,himachal-pradesh,4247339
1545,himachal-pradesh,27709
1546,himachal-pradesh,50923
1547,himachal-pradesh,19233611
1548,himachal-pradesh,9983786
1549,himachal-pradesh,4046932
1550,himachal-pradesh,27958
1551,himachal-pradesh,44767
1552,himachal-pradesh,23387107
1553,himachal-pradesh,11365164
1554,himachal-pradesh,3816711
1555,himachal-pradesh,33097
1556,himachal-pradesh,49760
1557,jammu-&-kashmir,457813
1558,jammu-&-kashmir,353621
1559,jammu-&-kashmir,65683
1560,jammu-&-kashmir,28696
1561,jammu-&-kashmir,35755
1562,jammu-&-kashmir,794502
1563,jammu-&-kashmir,771844
1564,jammu-&-kashmir,112422
1565,jammu-&-kashmir,79248
1566,jammu-&-kashmir,38310
1567,jammu-&-kashmir,1260453
1568,jammu-&-kashmir,822143
1569,jammu-&-kashmir,140076
1570,jammu-&-kashmir,44464
1571,jammu-&-kashmir,36825
1572,jammu-&-kashmir,1265457
1573,jammu-&-kashmir,970724
1574,jammu-&-kashmir,402303
1575,jammu-&-kashmir,33775
1576,jammu-&-kashmir,49051
1577,jammu-&-kashmir,1913720
1578,jammu-&-kashmir,1131953
1579,jammu-&-kashmir,452379
1580,jammu-&-kashmir,43247
1581,jammu-&-kashmir,43688
1582,jammu-&-kashmir,1180781
1583,jammu-&-kashmir,706569
1584,jammu-&-kashmir,353678
1585,jammu-&-kashmir,22663
1586,jammu-&-kashmir,32664
1587,jammu-&-kashmir,618694
1588,jammu-&-kashmir,318061
1589,jammu-&-kashmir,165115
1590,jammu-&-kashmir,2895
1591,jammu-&-kashmir,11761
1592,jammu-&-kashmir,310620
1593,jammu-&-kashmir,91303
1594,jammu-&-kashmir,84803
1595,jammu-&-kashmir,197
1596,jammu-&-kashmir,3005
1597,jammu-&-kashmir,435154
1598,jammu-&-kashmir,341357
1599,jammu-&-kashmir,135241
1600,jammu-&-kashmir,2350
1601,jammu-&-kashmir,7528
1602,jammu-&-kashmir,1238380
1603,jammu-&-kashmir,1028741
1604,jammu-&-kashmir,341375
1605,jammu-&-kashmir,9130
1606,jammu-&-kashmir,17380
1607,jammu-&-kashmir,1787154
1608,jammu-&-kashmir,1005745
1609,jammu-&-kashmir,642688
1610,jammu-&-kashmir,10111
1611,jammu-&-kashmir,20200
1612,jammu-&-kashmir,2378539
1613,jammu-&-kashmir,1900075
1614,jammu-&-kashmir,1377786
1615,jammu-&-kashmir,13578
1616,jammu-&-kashmir,84466
1617,jammu-&-kashmir,2800201
1618,jammu-&-kashmir,2554798
1619,jammu-&-kashmir,1527253
1620,jammu-&-kashmir,17276
1621,jammu-&-kashmir,98042
1622,jammu-&-kashmir,3955437
1623,jammu-&-kashmir,3568970
1624,jammu-&-kashmir,2378307
1625,jammu-&-kashmir,19432
1626,jammu-&-kashmir,105673
1627,jammu-&-kashmir,5621108
1628,jammu-&-kashmir,4192099
1629,jammu-&-kashmir,3197489
1630,jammu-&-kashmir,16071
1631,jammu-&-kashmir,124274
1632,jammu-&-kashmir,6852001
1633,jammu-&-kashmir,5399465
1634,jammu-&-kashmir,4358892
1635,jammu-&-kashmir,20269
1636,jammu-&-kashmir,160001
1637,jammu-&-kashmir,6263588
1638,jammu-&-kashmir,5769426
1639,jammu-&-kashmir,4046350
1640,jammu-&-kashmir,20506
1641,jammu-&-kashmir,145441
1642,jammu-&-kashmir,9917899
1643,jammu-&-kashmir,8948548
1644,jammu-&-kashmir,4759941
1645,jammu-&-kashmir,17495
1646,jammu-&-kashmir,169864
1647,jammu-&-kashmir,9594459
1648,jammu-&-kashmir,8391981
1649,jammu-&-kashmir,4397779
1650,jammu-&-kashmir,16502
1651,jammu-&-kashmir,133673
1652,jammu-&-kashmir,13060020
1653,jammu-&-kashmir,9209773
1654,jammu-&-kashmir,4885856
1655,jammu-&-kashmir,17803
1656,jammu-&-kashmir,142706
1657,jammu-&-kashmir,19258641
1658,jammu-&-kashmir,12527159
1659,jammu-&-kashmir,6894943
1660,jammu-&-kashmir,26119
1661,jammu-&-kashmir,220382
1662,jammu-&-kashmir,27968919
1663,jammu-&-kashmir,17988275
1664,jammu-&-kashmir,8374394
1665,jammu-&-kashmir,27724
1666,jammu-&-kashmir,228987
1667,jammu-&-kashmir,33831979
1668,jammu-&-kashmir,20589029
1669,jammu-&-kashmir,9247909
1670,jammu-&-kashmir,31473
1671,jammu-&-kashmir,203189
1672,jammu-&-kashmir,38724913
1673,jammu-&-kashmir,20930306
1674,jammu-&-kashmir,9268356
1675,jammu-&-kashmir,36281
1676,jammu-&-kashmir,207276
1677,jharkhand,1095857
1678,jharkhand,809459
1679,jharkhand,107755
1680,jharkhand,66299
1681,jharkhand,99551
1682,jharkhand,1398777
1683,jharkhand,1375872
1684,jharkhand,160637
1685,jharkhand,130339
1686,jharkhand,86455
1687,jharkhand,6003688
1688,jharkhand,1539476
1689,jharkhand,287427
1690,jharkhand,216343
1691,jharkhand,75687
1692,jharkhand,3325473
1693,jharkhand,1885135
1694,jharkhand,845956
1695,jharkhand,136918
1696,jharkhand,90561
1697,jharkhand,5952105
1698,jharkhand,2347079
1699,jharkhand,892826
1700,jharkhand,105558
1701,jharkhand,90140
1702,jharkhand,5155937
1703,jharkhand,2734377
1704,jharkhand,2049311
1705,jharkhand,67479
1706,jharkhand,121107
1707,jharkhand,5708187
1708,jharkhand,4766457
1709,jharkhand,3527625
1710,jharkhand,103620
1711,jharkhand,114758
1712,jharkhand,10301226
1713,jharkhand,4390094
1714,jharkhand,3359590
1715,jharkhand,104630
1716,jharkhand,93078
1717,jharkhand,8196850
1718,jharkhand,5454093
1719,jharkhand,4499942
1720,jharkhand,46483
1721,jharkhand,85345
1722,jharkhand,8724053
1723,jharkhand,7538593
1724,jharkhand,3753633
1725,jharkhand,56553
1726,jharkhand,68679
1727,jharkhand,11984094
1728,jharkhand,7728846
1729,jharkhand,7211293
1730,jharkhand,56918
1731,jharkhand,87322
1732,jharkhand,17120664
1733,jharkhand,14168381
1734,jharkhand,7945996
1735,jharkhand,60989
1736,jharkhand,135603
1737,jharkhand,19151083
1738,jharkhand,17489113
1739,jharkhand,7826608
1740,jharkhand,50526
1741,jharkhand,104333
1742,jharkhand,24184568
1743,jharkhand,19041292
1744,jharkhand,10583445
1745,jharkhand,54379
1746,jharkhand,138461
1747,jharkhand,30113326
1748,jharkhand,29687162
1749,jharkhand,10742405
1750,jharkhand,51289
1751,jharkhand,201520
1752,jharkhand,45007900
1753,jharkhand,39476282
1754,jharkhand,11173974
1755,jharkhand,72802
1756,jharkhand,278084
1757,jharkhand,53218047
1758,jharkhand,45881799
1759,jharkhand,11502811
1760,jharkhand,67502
1761,jharkhand,241051
1762,jharkhand,67435024
1763,jharkhand,52086790
1764,jharkhand,13145888
1765,jharkhand,50361
1766,jharkhand,207212
1767,jharkhand,74816586
1768,jharkhand,57285937
1769,jharkhand,14462031
1770,jharkhand,68467
1771,jharkhand,182311
1772,jharkhand,91863987
1773,jharkhand,68045210
1774,jharkhand,15110623
1775,jharkhand,81074
1776,jharkhand,199198
1777,jharkhand,126431470
1778,jharkhand,91879570
1779,jharkhand,21800176
1780,jharkhand,99366
1781,jharkhand,247521
1782,jharkhand,156552949
1783,jharkhand,107475200
1784,jharkhand,24866991
1785,jharkhand,101922
1786,jharkhand,236831
1787,jharkhand,176986470
1788,jharkhand,116215262
1789,jharkhand,24694215
1790,jharkhand,126439
1791,jharkhand,215040
1792,jharkhand,210139266
1793,jharkhand,138921302
1794,jharkhand,25084140
1795,jharkhand,157092
1796,jharkhand,236562
1797,karnataka,5785292
1798,karnataka,4456528
1799,karnataka,1089627
1800,karnataka,159848
1801,karnataka,525604
1802,karnataka,7391926
1803,karnataka,7164836
1804,karnataka,1874383
1805,karnataka,194363
1806,karnataka,490939
1807,karnataka,12863507
1808,karnataka,8674172
1809,karnataka,3638065
1810,karnataka,205740
1811,karnataka,598777
1812,karnataka,20471744
1813,karnataka,11812478
1814,karnataka,11426205
1815,karnataka,289353
1816,karnataka,812291
1817,karnataka,44049036
1818,karnataka,24491960
1819,karnataka,16981941
1820,karnataka,293728
1821,karnataka,770944
1822,karnataka,50033334
1823,karnataka,44848593
1824,karnataka,19283028
1825,karnataka,140353
1826,karnataka,1096296
1827,karnataka,76924325
1828,karnataka,67784880
1829,karnataka,24339891
1830,karnataka,189716
1831,karnataka,1494923
1832,karnataka,114044901
1833,karnataka,93311589
1834,karnataka,28862161
1835,karnataka,101937
1836,karnataka,1475664
1837,karnataka,132970737
1838,karnataka,100868460
1839,karnataka,35854971
1840,karnataka,93648
1841,karnataka,1246074
1842,karnataka,87251639
1843,karnataka,82118363
1844,karnataka,43290272
1845,karnataka,161560
1846,karnataka,399878
1847,karnataka,137206600
1848,karnataka,119241776
1849,karnataka,43139631
1850,karnataka,251980
1851,karnataka,520544
1852,karnataka,215711211
1853,karnataka,166981242
1854,karnataka,47736461
1855,karnataka,284700
1856,karnataka,823370
1857,karnataka,279599017
1858,karnataka,190894164
1859,karnataka,52261651
1860,karnataka,297710
1861,karnataka,744950
1862,karnataka,244460862
1863,karnataka,216539959
1864,karnataka,68599238
1865,karnataka,304779
1866,karnataka,744208
1867,karnataka,391381353
1868,karnataka,288462867
1869,karnataka,72168311
1870,karnataka,286685
1871,karnataka,997323
1872,karnataka,503210623
1873,karnataka,350032663
1874,karnataka,76826701
1875,karnataka,365769
1876,karnataka,1289682
1877,karnataka,588543313
1878,karnataka,389491586
1879,karnataka,78206453
1880,karnataka,384922
1881,karnataka,1229133
1882,karnataka,735295388
1883,karnataka,449723751
1884,karnataka,91137091
1885,karnataka,351688
1886,karnataka,941042
1887,karnataka,704609552
1888,karnataka,404084880
1889,karnataka,79979546
1890,karnataka,361312
1891,karnataka,726038
1892,karnataka,830157371
1893,karnataka,460041715
1894,karnataka,87517348
1895,karnataka,426795
1896,karnataka,767142
1897,karnataka,1130908170
1898,karnataka,596731227
1899,karnataka,115567496
1900,karnataka,541652
1901,karnataka,948644
1902,karnataka,1282439025
1903,karnataka,655334370
1904,karnataka,128708109
1905,karnataka,564180
1906,karnataka,821842
1907,karnataka,1502087676
1908,karnataka,733741628
1909,karnataka,131971913
1910,karnataka,680721
1911,karnataka,780364
1912,karnataka,1631321006
1913,karnataka,796407425
1914,karnataka,135125785
1915,karnataka,807597
1916,karnataka,772351
1917,kerala,988774
1918,kerala,600205
1919,kerala,72164
1920,kerala,40170
1921,kerala,70067
1922,kerala,1230869
1923,kerala,848291
1924,kerala,131217
1925,kerala,41100
1926,kerala,56688
1927,kerala,1425259
1928,kerala,1407588
1929,kerala,210974
1930,kerala,37286
1931,kerala,53241
1932,kerala,2073960
1933,kerala,1679897
1934,kerala,417114
1935,kerala,75084
1936,kerala,64599
1937,kerala,3601116
1938,kerala,2180915
1939,kerala,550707
1940,kerala,77652
1941,kerala,58649
1942,kerala,3519528
1943,kerala,2711299
1944,kerala,937130
1945,kerala,38869
1946,kerala,77000
1947,kerala,4181954
1948,kerala,3431236
1949,kerala,1497029
1950,kerala,96130
1951,kerala,79747
1952,kerala,5859068
1953,kerala,4097032
1954,kerala,2418428
1955,kerala,50728
1956,kerala,73381
1957,kerala,6634439
1958,kerala,5507580
1959,kerala,3485036
1960,kerala,38050
1961,kerala,68417
1962,kerala,7709714
1963,kerala,5603046
1964,kerala,2888260
1965,kerala,40501
1966,kerala,46446
1967,kerala,8590587
1968,kerala,7932950
1969,kerala,5065205
1970,kerala,94130
1971,kerala,75808
1972,kerala,12941135
1973,kerala,10990709
1974,kerala,9167428
1975,kerala,73833
1976,kerala,115082
1977,kerala,16209203
1978,kerala,16105923
1979,kerala,9837385
1980,kerala,68012
1981,kerala,95819
1982,kerala,17026648
1983,kerala,16135060
1984,kerala,13809151
1985,kerala,88830
1986,kerala,131344
1987,kerala,25402350
1988,kerala,23378091
1989,kerala,13979407
1990,kerala,85730
1991,kerala,182688
1992,kerala,38574904
1993,kerala,29075528
1994,kerala,13781815
1995,kerala,108232
1996,kerala,283262
1997,kerala,47778743
1998,kerala,33089518
1999,kerala,14042317
2000,kerala,134370
2001,kerala,236017
2002,kerala,55730158
2003,kerala,35630060
2004,kerala,14701207
2005,kerala,110336
2006,kerala,193561
2007,kerala,64984061
2008,kerala,38774832
2009,kerala,15289755
2010,kerala,146673
2011,kerala,167583
2012,kerala,74647115
2013,kerala,42471676
2014,kerala,15520670
2015,kerala,164334
2016,kerala,156673
2017,kerala,84583249
2018,kerala,46080274
2019,kerala,16629085
2020,kerala,160843
2021,kerala,168114
2022,kerala,90195971
2023,kerala,48068911
2024,kerala,17613119
2025,kerala,162540
2026,kerala,130076
2027,kerala,100971920
2028,kerala,51765006
2029,kerala,17617414
2030,kerala,186185
2031,kerala,118126
2032,kerala,108137761
2033,kerala,54694399
2034,kerala,16678550
2035,kerala,225961
2036,kerala,106422
2037,ladakh,3550
2038,ladakh,1752
2039,ladakh,320
2040,ladakh,132
2041,ladakh,335
2042,ladakh,8075
2043,ladakh,5667
2044,ladakh,724
2045,ladakh,151
2046,ladakh,393
2047,ladakh,13136
2048,ladakh,10133
2049,ladakh,1168
2050,ladakh,84
2051,ladakh,343
2052,ladakh,16650
2053,ladakh,15939
2054,ladakh,1881
2055,ladakh,142
2056,ladakh,599
2057,ladakh,22076
2058,ladakh,20014
2059,ladakh,3238
2060,ladakh,114
2061,ladakh,703
2062,ladakh,34202
2063,ladakh,25357
2064,ladakh,8220
2065,ladakh,86
2066,ladakh,907
2067,ladakh,43198
2068,ladakh,41491
2069,ladakh,6963
2070,ladakh,48
2071,ladakh,696
2072,ladakh,42095
2073,ladakh,35467
2074,ladakh,6522
2075,ladakh,46
2076,ladakh,576
2077,ladakh,51560
2078,ladakh,49801
2079,ladakh,14264
2080,ladakh,204
2081,ladakh,590
2082,ladakh,70601
2083,ladakh,68450
2084,ladakh,15132
2085,ladakh,337
2086,ladakh,490
2087,ladakh,108345
2088,ladakh,81623
2089,ladakh,36861
2090,ladakh,621
2091,ladakh,772
2092,ladakh,151582
2093,ladakh,94133
2094,ladakh,83868
2095,ladakh,729
2096,ladakh,1822
2097,ladakh,141894
2098,ladakh,72719
2099,ladakh,58875
2100,ladakh,629
2101,ladakh,1298
2102,ladakh,209818
2103,ladakh,95458
2104,ladakh,92078
2105,ladakh,755
2106,ladakh,1607
2107,ladakh,330919
2108,ladakh,135108
2109,ladakh,121856
2110,ladakh,900
2111,ladakh,2204
2112,ladakh,337120
2113,ladakh,169110
2114,ladakh,120607
2115,ladakh,912
2116,ladakh,2438
2117,ladakh,343041
2118,ladakh,167100
2119,ladakh,116486
2120,ladakh,1247
2121,ladakh,2141
2122,ladakh,608870
2123,ladakh,346146
2124,ladakh,158996
2125,ladakh,1585
2126,ladakh,2476
2127,ladakh,659896
2128,ladakh,367022
2129,ladakh,160269
2130,ladakh,1555
2131,ladakh,2116
2132,ladakh,559259
2133,ladakh,382456
2134,ladakh,138793
2135,ladakh,1248
2136,ladakh,1616
2137,ladakh,796687
2138,ladakh,561734
2139,ladakh,204592
2140,ladakh,1610
2141,ladakh,2623
2142,ladakh,1479909
2143,ladakh,1121362
2144,ladakh,337017
2145,ladakh,1885
2146,ladakh,3642
2147,ladakh,1781959
2148,ladakh,1429581
2149,ladakh,402319
2150,ladakh,3579
2151,ladakh,3928
2152,ladakh,1435341
2153,ladakh,1375598
2154,ladakh,332620
2155,ladakh,3065
2156,ladakh,3594
2157,lakshadweep,423
2158,lakshadweep,342
2159,lakshadweep,5
2160,lakshadweep,8
2161,lakshadweep,1315
2162,lakshadweep,750
2163,lakshadweep,42
2164,lakshadweep,6
2165,lakshadweep,19
2166,lakshadweep,841
2167,lakshadweep,760
2168,lakshadweep,87
2169,lakshadweep,15
2170,lakshadweep,792
2171,lakshadweep,689
2172,lakshadweep,144
2173,lakshadweep,11
2174,lakshadweep,1183
2175,lakshadweep,1173
2176,lakshadweep,113
2177,lakshadweep,12
2178,lakshadweep,1448
2179,lakshadweep,1318
2180,lakshadweep,137
2181,lakshadweep,23
2182,lakshadweep,1528
2183,lakshadweep,1455
2184,lakshadweep,111
2185,lakshadweep,10
2186,lakshadweep,1801
2187,lakshadweep,1753
2188,lakshadweep,188
2189,lakshadweep,2
2190,lakshadweep,21
2191,lakshadweep,2684
2192,lakshadweep,2068
2193,lakshadweep,387
2194,lakshadweep,4497
2195,lakshadweep,2176
2196,lakshadweep,472
2197,lakshadweep,60
2198,lakshadweep,4696
2199,lakshadweep,2946
2200,lakshadweep,903
2201,lakshadweep,27
2202,lakshadweep,17
2203,lakshadweep,5187
2204,lakshadweep,4741
2205,lakshadweep,1668
2206,lakshadweep,22
2207,lakshadweep,32
2208,lakshadweep,3942
2209,lakshadweep,3541
2210,lakshadweep,1537
2211,lakshadweep,46
2212,lakshadweep,5499
2213,lakshadweep,4069
2214,lakshadweep,1743
2215,lakshadweep,29
2216,lakshadweep,44
2217,lakshadweep,5687
2218,lakshadweep,5153
2219,lakshadweep,2450
2220,lakshadweep,48
2221,lakshadweep,7154
2222,lakshadweep,5355
2223,lakshadweep,2872
2224,lakshadweep,62
2225,lakshadweep,7913
2226,lakshadweep,5334
2227,lakshadweep,3048
2228,lakshadweep,39
2229,lakshadweep,63
2230,lakshadweep,8491
2231,lakshadweep,5366
2232,lakshadweep,3602
2233,lakshadweep,59
2234,lakshadweep,51
2235,lakshadweep,7533
2236,lakshadweep,4441
2237,lakshadweep,3142
2238,lakshadweep,64
2239,lakshadweep,61
2240,lakshadweep,8686
2241,lakshadweep,4557
2242,lakshadweep,3819
2243,lakshadweep,35
2244,lakshadweep,50
2245,lakshadweep,14918
2246,lakshadweep,8287
2247,lakshadweep,6123
2248,lakshadweep,153
2249,lakshadweep,16924
2250,lakshadweep,9524
2251,lakshadweep,105
2252,lakshadweep,78
2253,lakshadweep,20220
2254,lakshadweep,14902
2255,lakshadweep,8577
2256,lakshadweep,16
2257,lakshadweep,27931
2258,lakshadweep,25886
2259,lakshadweep,9527
2260,lakshadweep,79
2261,lakshadweep,56
2262,madhya-pradesh,4404190
2263,madhya-pradesh,2848290
2264,madhya-pradesh,230519
2265,madhya-pradesh,196394
2266,madhya-pradesh,346002
2267,madhya-pradesh,5324535
2268,madhya-pradesh,4269392
2269,madhya-pradesh,397135
2270,madhya-pradesh,305553
2271,madhya-pradesh,264797
2272,madhya-pradesh,9988509
2273,madhya-pradesh,5733261
2274,madhya-pradesh,784995
2275,madhya-pradesh,359440
2276,madhya-pradesh,260780
2277,madhya-pradesh,11456555
2278,madhya-pradesh,7273502
2279,madhya-pradesh,2056426
2280,madhya-pradesh,313540
2281,madhya-pradesh,297532
2282,madhya-pradesh,23708825
2283,madhya-pradesh,9966905
2284,madhya-pradesh,3018928
2285,madhya-pradesh,290838
2286,madhya-pradesh,315553
2287,madhya-pradesh,20868744
2288,madhya-pradesh,12044969
2289,madhya-pradesh,7331352
2290,madhya-pradesh,149197
2291,madhya-pradesh,451751
2292,madhya-pradesh,22631038
2293,madhya-pradesh,17163551
2294,madhya-pradesh,13156616
2295,madhya-pradesh,192821
2296,madhya-pradesh,466385
2297,madhya-pradesh,32083162
2298,madhya-pradesh,19447707
2299,madhya-pradesh,16081734
2300,madhya-pradesh,127116
2301,madhya-pradesh,392270
2302,madhya-pradesh,34540722
2303,madhya-pradesh,24618074
2304,madhya-pradesh,19788516
2305,madhya-pradesh,68055
2306,madhya-pradesh,351379
2307,madhya-pradesh,34860958
2308,madhya-pradesh,27497528
2309,madhya-pradesh,13685723
2310,madhya-pradesh,80988
2311,madhya-pradesh,215376
2312,madhya-pradesh,50871564
2313,madhya-pradesh,31879804
2314,madhya-pradesh,25380467
2315,madhya-pradesh,131725
2316,madhya-pradesh,316321
2317,madhya-pradesh,67972167
2318,madhya-pradesh,57707471
2319,madhya-pradesh,27335834
2320,madhya-pradesh,149532
2321,madhya-pradesh,487537
2322,madhya-pradesh,84812245
2323,madhya-pradesh,84070625
2324,madhya-pradesh,32500681
2325,madhya-pradesh,169378
2326,madhya-pradesh,445569
2327,madhya-pradesh,99367521
2328,madhya-pradesh,77113464
2329,madhya-pradesh,46118636
2330,madhya-pradesh,188726
2331,madhya-pradesh,526333
2332,madhya-pradesh,138433772
2333,madhya-pradesh,127654821
2334,madhya-pradesh,44437315
2335,madhya-pradesh,174454
2336,madhya-pradesh,742972
2337,madhya-pradesh,197193842
2338,madhya-pradesh,159649020
2339,madhya-pradesh,46220966
2340,madhya-pradesh,247925
2341,madhya-pradesh,996331
2342,madhya-pradesh,237691924
2343,madhya-pradesh,185008444
2344,madhya-pradesh,48870314
2345,madhya-pradesh,222923
2346,madhya-pradesh,909453
2347,madhya-pradesh,287616385
2348,madhya-pradesh,202093283
2349,madhya-pradesh,54318983
2350,madhya-pradesh,157672
2351,madhya-pradesh,713506
2352,madhya-pradesh,391105651
2353,madhya-pradesh,267013695
2354,madhya-pradesh,72148870
2355,madhya-pradesh,240678
2356,madhya-pradesh,750665
2357,madhya-pradesh,492999084
2358,madhya-pradesh,325467851
2359,madhya-pradesh,79289399
2360,madhya-pradesh,286931
2361,madhya-pradesh,785003
2362,madhya-pradesh,404378350
2363,madhya-pradesh,263524301
2364,madhya-pradesh,65818962
2365,madhya-pradesh,226835
2366,madhya-pradesh,618522
2367,madhya-pradesh,479498828
2368,madhya-pradesh,294125925
2369,madhya-pradesh,73584106
2370,madhya-pradesh,248905
2371,madhya-pradesh,579296
2372,madhya-pradesh,567760229
2373,madhya-pradesh,333209928
2374,madhya-pradesh,76997837
2375,madhya-pradesh,318662
2376,madhya-pradesh,525937
2377,madhya-pradesh,648920525
2378,madhya-pradesh,373769167
2379,madhya-pradesh,78674422
2380,madhya-pradesh,394962
2381,madhya-pradesh,535537
2382,maharashtra,9670237
2383,maharashtra,5227770
2384,maharashtra,616779
2385,maharashtra,235051
2386,maharashtra,637197
2387,maharashtra,12384216
2388,maharashtra,7772336
2389,maharashtra,1306326
2390,maharashtra,262875
2391,maharashtra,559987
2392,maharashtra,14371791
2393,maharashtra,13470065
2394,maharashtra,2797204
2395,maharashtra,234598
2396,maharashtra,664880
2397,maharashtra,20824667
2398,maharashtra,18071025
2399,maharashtra,6047705
2400,maharashtra,325121
2401,maharashtra,821705
2402,maharashtra,37360716
2403,maharashtra,24540041
2404,maharashtra,12069119
2405,maharashtra,287569
2406,maharashtra,821624
2407,maharashtra,42546317
2408,maharashtra,29395661
2409,maharashtra,27854042
2410,maharashtra,182840
2411,maharashtra,1170993
2412,maharashtra,57991699
2413,maharashtra,54683738
2414,maharashtra,34309301
2415,maharashtra,231467
2416,maharashtra,1519376
2417,maharashtra,80127804
2418,maharashtra,78795871
2419,maharashtra,40705998
2420,maharashtra,129755
2421,maharashtra,1501192
2422,maharashtra,100337738
2423,maharashtra,87067410
2424,maharashtra,50199498
2425,maharashtra,123476
2426,maharashtra,1215959
2427,maharashtra,74295930
2428,maharashtra,60856480
2429,maharashtra,48965388
2430,maharashtra,206461
2431,maharashtra,466502
2432,maharashtra,108436214
2433,maharashtra,100808237
2434,maharashtra,58082283
2435,maharashtra,325453
2436,maharashtra,658737
2437,maharashtra,189845640
2438,maharashtra,151741840
2439,maharashtra,64556682
2440,maharashtra,398409
2441,maharashtra,1078433
2442,maharashtra,253043309
2443,maharashtra,187021609
2444,maharashtra,76389103
2445,maharashtra,439551
2446,maharashtra,966668
2447,maharashtra,247194293
2448,maharashtra,228551961
2449,maharashtra,96271138
2450,maharashtra,504252
2451,maharashtra,1094842
2452,maharashtra,390051884
2453,maharashtra,296951706
2454,maharashtra,103943973
2455,maharashtra,448646
2456,maharashtra,1477851
2457,maharashtra,540351277
2458,maharashtra,361865450
2459,maharashtra,105990417
2460,maharashtra,606265
2461,maharashtra,1918093
2462,maharashtra,646277671
2463,maharashtra,411989717
2464,maharashtra,108896881
2465,maharashtra,583243
2466,maharashtra,1758926
2467,maharashtra,810961772
2468,maharashtra,470258043
2469,maharashtra,124280427
2470,maharashtra,490152
2471,maharashtra,1542719
2472,maharashtra,876618082
2473,maharashtra,483481713
2474,maharashtra,124545840
2475,maharashtra,521362
2476,maharashtra,1222420
2477,maharashtra,1025666187
2478,maharashtra,535142126
2479,maharashtra,126118544
2480,maharashtra,620124
2481,maharashtra,1228291
2482,maharashtra,1134579287
2483,maharashtra,572326605
2484,maharashtra,139414546
2485,maharashtra,667987
2486,maharashtra,1280074
2487,maharashtra,1289778683
2488,maharashtra,620475611
2489,maharashtra,151613474
2490,maharashtra,697164
2491,maharashtra,1152916
2492,maharashtra,1442968360
2493,maharashtra,689021709
2494,maharashtra,156785138
2495,maharashtra,824436
2496,maharashtra,1078944
2497,maharashtra,1646497204
2498,maharashtra,767517612
2499,maharashtra,155965094
2500,maharashtra,1025481
2501,maharashtra,1157334
2502,manipur,50212
2503,manipur,26382
2504,manipur,2660
2505,manipur,1614
2506,manipur,3201
2507,manipur,77991
2508,manipur,60365
2509,manipur,5992
2510,manipur,4041
2511,manipur,3332
2512,manipur,95204
2513,manipur,81323
2514,manipur,7396
2515,manipur,2577
2516,manipur,2758
2517,manipur,113507
2518,manipur,104872
2519,manipur,13333
2520,manipur,1452
2521,manipur,2946
2522,manipur,127067
2523,manipur,120000
2524,manipur,15190
2525,manipur,800
2526,manipur,2352
2527,manipur,120153
2528,manipur,116500
2529,manipur,18044
2530,manipur,387
2531,manipur,2341
2532,manipur,180057
2533,manipur,144965
2534,manipur,17683
2535,manipur,358
2536,manipur,1945
2537,manipur,212136
2538,manipur,211927
2539,manipur,23094
2540,manipur,548
2541,manipur,1639
2542,manipur,451733
2543,manipur,285234
2544,manipur,78067
2545,manipur,622
2546,manipur,3145
2547,manipur,533206
2548,manipur,450830
2549,manipur,92110
2550,manipur,1676
2551,manipur,5246
2552,manipur,774786
2553,manipur,464659
2554,manipur,170653
2555,manipur,1878
2556,manipur,8192
2557,manipur,892853
2558,manipur,436450
2559,manipur,289050
2560,manipur,1806
2561,manipur,7693
2562,manipur,1117829
2563,manipur,796590
2564,manipur,377280
2565,manipur,3398
2566,manipur,8438
2567,manipur,1372821
2568,manipur,1187952
2569,manipur,510734
2570,manipur,4165
2571,manipur,10603
2572,manipur,1819423
2573,manipur,1368584
2574,manipur,735707
2575,manipur,3460
2576,manipur,14222
2577,manipur,2199970
2578,manipur,1451488
2579,manipur,1013985
2580,manipur,4671
2581,manipur,17325
2582,manipur,2517626
2583,manipur,1528476
2584,manipur,1247205
2585,manipur,4878
2586,manipur,15494
2587,manipur,2843426
2588,manipur,1709547
2589,manipur,1533778
2590,manipur,4069
2591,manipur,14812
2592,manipur,3127266
2593,manipur,1829741
2594,manipur,1379911
2595,manipur,4524
2596,manipur,11300
2597,manipur,3259645
2598,manipur,1828984
2599,manipur,1325391
2600,manipur,4691
2601,manipur,9959
2602,manipur,1703742
2603,manipur,933135
2604,manipur,613398
2605,manipur,3529
2606,manipur,4579
2607,manipur,812842
2608,manipur,499534
2609,manipur,290239
2610,manipur,1849
2611,manipur,1807
2612,manipur,450548
2613,manipur,222132
2614,manipur,189582
2615,manipur,2290
2616,manipur,926
2617,manipur,1098359
2618,manipur,638811
2619,manipur,368865
2620,manipur,4438
2621,manipur,2727
2622,meghalaya,31857
2623,meghalaya,13274
2624,meghalaya,1605
2625,meghalaya,532
2626,meghalaya,2303
2627,meghalaya,42625
2628,meghalaya,19894
2629,meghalaya,2929
2630,meghalaya,592
2631,meghalaya,1817
2632,meghalaya,60625
2633,meghalaya,40832
2634,meghalaya,5802
2635,meghalaya,748
2636,meghalaya,2283
2637,meghalaya,82962
2638,meghalaya,58952
2639,meghalaya,15768
2640,meghalaya,763
2641,meghalaya,2687
2642,meghalaya,98817
2643,meghalaya,90694
2644,meghalaya,16073
2645,meghalaya,659
2646,meghalaya,2498
2647,meghalaya,108812
2648,meghalaya,97407
2649,meghalaya,22588
2650,meghalaya,460
2651,meghalaya,3019
2652,meghalaya,155949
2653,meghalaya,116168
2654,meghalaya,31201
2655,meghalaya,421
2656,meghalaya,2811
2657,meghalaya,175084
2658,meghalaya,163734
2659,meghalaya,24430
2660,meghalaya,382
2661,meghalaya,2351
2662,meghalaya,226214
2663,meghalaya,216022
2664,meghalaya,57245
2665,meghalaya,473
2666,meghalaya,2329
2667,meghalaya,382662
2668,meghalaya,202270
2669,meghalaya,46014
2670,meghalaya,1186
2671,meghalaya,3263
2672,meghalaya,342484
2673,meghalaya,194448
2674,meghalaya,55595
2675,meghalaya,1587
2676,meghalaya,3465
2677,meghalaya,350006
2678,meghalaya,286252
2679,meghalaya,111471
2680,meghalaya,1809
2681,meghalaya,4470
2682,meghalaya,326993
2683,meghalaya,306634
2684,meghalaya,108805
2685,meghalaya,1777
2686,meghalaya,3437
2687,meghalaya,389959
2688,meghalaya,366411
2689,meghalaya,147406
2690,meghalaya,1766
2691,meghalaya,4052
2692,meghalaya,473274
2693,meghalaya,418429
2694,meghalaya,199427
2695,meghalaya,1556
2696,meghalaya,5045
2697,meghalaya,669693
2698,meghalaya,447310
2699,meghalaya,314445
2700,meghalaya,1989
2701,meghalaya,6756
2702,meghalaya,801009
2703,meghalaya,459530
2704,meghalaya,405859
2705,meghalaya,2134
2706,meghalaya,6218
2707,meghalaya,977816
2708,meghalaya,591364
2709,meghalaya,467745
2710,meghalaya,1880
2711,meghalaya,5844
2712,meghalaya,2050942
2713,meghalaya,1486098
2714,meghalaya,810017
2715,meghalaya,3504
2716,meghalaya,8604
2717,meghalaya,1901671
2718,meghalaya,1334431
2719,meghalaya,685678
2720,meghalaya,3544
2721,meghalaya,7124
2722,meghalaya,2111009
2723,meghalaya,1232691
2724,meghalaya,810151
2725,meghalaya,3991
2726,meghalaya,6863
2727,meghalaya,2509275
2728,meghalaya,1701913
2729,meghalaya,855108
2730,meghalaya,4075
2731,meghalaya,6841
2732,meghalaya,2926582
2733,meghalaya,2199365
2734,meghalaya,893594
2735,meghalaya,4709
2736,meghalaya,5592
2737,meghalaya,3588204
2738,meghalaya,2747430
2739,meghalaya,919773
2740,meghalaya,6221
2741,mizoram,10155
2742,mizoram,6845
2743,mizoram,616
2744,mizoram,260
2745,mizoram,685
2746,mizoram,13550
2747,mizoram,11427
2748,mizoram,1310
2749,mizoram,167
2750,mizoram,597
2751,mizoram,18564
2752,mizoram,17610
2753,mizoram,2310
2754,mizoram,240
2755,mizoram,592
2756,mizoram,26212
2757,mizoram,24533
2758,mizoram,3699
2759,mizoram,145
2760,mizoram,653
2761,mizoram,35126
2762,mizoram,30327
2763,mizoram,3984
2764,mizoram,133
2765,mizoram,736
2766,mizoram,37364
2767,mizoram,31903
2768,mizoram,5646
2769,mizoram,80
2770,mizoram,678
2771,mizoram,49073
2772,mizoram,42645
2773,mizoram,5560
2774,mizoram,94
2775,mizoram,722
2776,mizoram,60511
2777,mizoram,57109
2778,mizoram,6939
2779,mizoram,100
2780,mizoram,580
2781,mizoram,85067
2782,mizoram,57916
2783,mizoram,9961
2784,mizoram,119
2785,mizoram,546
2786,mizoram,127592
2787,mizoram,60021
2788,mizoram,10056
2789,mizoram,244
2790,mizoram,549
2791,mizoram,132664
2792,mizoram,99644
2793,mizoram,20934
2794,mizoram,535
2795,mizoram,926
2796,mizoram,141038
2797,mizoram,140297
2798,mizoram,39676
2799,mizoram,607
2800,mizoram,989
2801,mizoram,156386
2802,mizoram,128055
2803,mizoram,43511
2804,mizoram,648
2805,mizoram,975
2806,mizoram,173064
2807,mizoram,161763
2808,mizoram,57877
2809,mizoram,611
2810,mizoram,1025
2811,mizoram,224873
2812,mizoram,177281
2813,mizoram,74553
2814,mizoram,522
2815,mizoram,1300
2816,mizoram,272209
2817,mizoram,179405
2818,mizoram,99265
2819,mizoram,695
2820,mizoram,1755
2821,mizoram,302740
2822,mizoram,190137
2823,mizoram,109669
2824,mizoram,731
2825,mizoram,1640
2826,mizoram,332102
2827,mizoram,172281
2828,mizoram,137279
2829,mizoram,656
2830,mizoram,1659
2831,mizoram,349715
2832,mizoram,156874
2833,mizoram,150320
2834,mizoram,802
2835,mizoram,1327
2836,mizoram,378295
2837,mizoram,164389
2838,mizoram,148573
2839,mizoram,932
2840,mizoram,1585
2841,mizoram,593994
2842,mizoram,234313
2843,mizoram,221560
2844,mizoram,1044
2845,mizoram,1684
2846,mizoram,673375
2847,mizoram,291229
2848,mizoram,241862
2849,mizoram,1144
2850,mizoram,1320
2851,mizoram,725656
2852,mizoram,343955
2853,mizoram,237526
2854,mizoram,1523
2855,mizoram,1753
2856,mizoram,809449
2857,mizoram,454911
2858,mizoram,233101
2859,mizoram,1693
2860,mizoram,1574
2861,nagaland,28198
2862,nagaland,11631
2863,nagaland,822
2864,nagaland,399
2865,nagaland,1795
2866,nagaland,41959
2867,nagaland,20099
2868,nagaland,1529
2869,nagaland,379
2870,nagaland,1633
2871,nagaland,54885
2872,nagaland,33930
2873,nagaland,3518
2874,nagaland,460
2875,nagaland,1578
2876,nagaland,72881
2877,nagaland,53723
2878,nagaland,10350
2879,nagaland,587
2880,nagaland,1792
2881,nagaland,87596
2882,nagaland,71642
2883,nagaland,7306
2884,nagaland,430
2885,nagaland,1605
2886,nagaland,92492
2887,nagaland,81065
2888,nagaland,12949
2889,nagaland,286
2890,nagaland,1961
2891,nagaland,145812
2892,nagaland,100736
2893,nagaland,13031
2894,nagaland,210
2895,nagaland,2089
2896,nagaland,172761
2897,nagaland,128674
2898,nagaland,13578
2899,nagaland,499
2900,nagaland,1658
2901,nagaland,221741
2902,nagaland,135966
2903,nagaland,18249
2904,nagaland,528
2905,nagaland,1567
2906,nagaland,328269
2907,nagaland,166866
2908,nagaland,20004
2909,nagaland,860
2910,nagaland,347494
2911,nagaland,330638
2912,nagaland,51912
2913,nagaland,2544
2914,nagaland,3731
2915,nagaland,417393
2916,nagaland,335297
2917,nagaland,90496
2918,nagaland,1068
2919,nagaland,3571
2920,nagaland,477346
2921,nagaland,376473
2922,nagaland,116846
2923,nagaland,1511
2924,nagaland,3721
2925,nagaland,526966
2926,nagaland,453979
2927,nagaland,144413
2928,nagaland,1624
2929,nagaland,3809
2930,nagaland,667633
2931,nagaland,474693
2932,nagaland,208387
2933,nagaland,1437
2934,nagaland,4642
2935,nagaland,819452
2936,nagaland,492411
2937,nagaland,311673
2938,nagaland,1790
2939,nagaland,6157
2940,nagaland,963378
2941,nagaland,529038
2942,nagaland,425336
2943,nagaland,2022
2944,nagaland,6178
2945,nagaland,1032542
2946,nagaland,513456
2947,nagaland,479322
2948,nagaland,1547
2949,nagaland,4462
2950,nagaland,990896
2951,nagaland,467257
2952,nagaland,430854
2953,nagaland,1479
2954,nagaland,3627
2955,nagaland,1314122
2956,nagaland,647805
2957,nagaland,508230
2958,nagaland,2104
2959,nagaland,3944
2960,nagaland,1499574
2961,nagaland,594157
2962,nagaland,586135
2963,nagaland,2116
2964,nagaland,3588
2965,nagaland,1617109
2966,nagaland,727260
2967,nagaland,572760
2968,nagaland,2070
2969,nagaland,2802
2970,nagaland,1885439
2971,nagaland,941540
2972,nagaland,589934
2973,nagaland,3255
2974,nagaland,2163
2975,nagaland,2108656
2976,nagaland,1114580
2977,nagaland,569355
2978,nagaland,2722
2979,nagaland,1866
2980,odisha,2874109
2981,odisha,2305610
2982,odisha,323352
2983,odisha,129659
2984,odisha,177091
2985,odisha,3989202
2986,odisha,3307545
2987,odisha,472304
2988,odisha,257628
2989,odisha,131465
2990,odisha,24472139
2991,odisha,3886392
2992,odisha,836547
2993,odisha,729995
2994,odisha,127082
2995,odisha,12285028
2996,odisha,5142124
2997,odisha,3061813
2998,odisha,495495
2999,odisha,158338
3000,odisha,24117274
3001,odisha,6713747
3002,odisha,2690762
3003,odisha,375910
3004,odisha,134249
3005,odisha,16455353
3006,odisha,7845252
3007,odisha,4827067
3008,odisha,202705
3009,odisha,181647
3010,odisha,18490877
3011,odisha,13984738
3012,odisha,8565917
3013,odisha,195034
3014,odisha,185706
3015,odisha,43284477
3016,odisha,10629461
3017,odisha,10601703
3018,odisha,323887
3019,odisha,156105
3020,odisha,27110930
3021,odisha,13269709
3022,odisha,13083524
3023,odisha,84037
3024,odisha,134107
3025,odisha,24520938
3026,odisha,17040333
3027,odisha,8313965
3028,odisha,66787
3029,odisha,86553
3030,odisha,34182172
3031,odisha,17126851
3032,odisha,14519265
3033,odisha,90736
3034,odisha,114805
3035,odisha,47588728
3036,odisha,27124765
3037,odisha,17318073
3038,odisha,106189
3039,odisha,187195
3040,odisha,54417515
3041,odisha,38180718
3042,odisha,18633830
3043,odisha,87263
3044,odisha,141032
3045,odisha,66929109
3046,odisha,39402607
3047,odisha,25183699
3048,odisha,102474
3049,odisha,206448
3050,odisha,85728576
3051,odisha,64268830
3052,odisha,26943670
3053,odisha,97213
3054,odisha,324385
3055,odisha,107560893
3056,odisha,99512650
3057,odisha,26302130
3058,odisha,133004
3059,odisha,416689
3060,odisha,118999900
3061,odisha,118108271
3062,odisha,26083549
3063,odisha,102802
3064,odisha,338977
3065,odisha,148544714
3066,odisha,134717859
3067,odisha,29843263
3068,odisha,88649
3069,odisha,257113
3070,odisha,188143417
3071,odisha,161912635
3072,odisha,36270166
3073,odisha,113961
3074,odisha,247147
3075,odisha,222167575
3076,odisha,186438654
3077,odisha,36735289
3078,odisha,132033
3079,odisha,241192
3080,odisha,243616581
3081,odisha,198553747
3082,odisha,40372356
3083,odisha,127296
3084,odisha,226108
3085,odisha,282885225
3086,odisha,217285461
3087,odisha,44095331
3088,odisha,145204
3089,odisha,186608
3090,odisha,337194096
3091,odisha,239288791
3092,odisha,45575270
3093,odisha,174288
3094,odisha,165158
3095,odisha,401974050
3096,odisha,282995042
3097,odisha,46794630
3098,odisha,219343
3099,odisha,154411
3100,puducherry,53125
3101,puducherry,40303
3102,puducherry,4163
3103,puducherry,2086
3104,puducherry,4535
3105,puducherry,59867
3106,puducherry,57751
3107,puducherry,6904
3108,puducherry,2105
3109,puducherry,3634
3110,puducherry,101817
3111,puducherry,67909
3112,puducherry,14384
3113,puducherry,1766
3114,puducherry,4395
3115,puducherry,173170
3116,puducherry,95788
3117,puducherry,29470
3118,puducherry,3490
3119,puducherry,6046
3120,puducherry,313822
3121,puducherry,124092
3122,puducherry,54518
3123,puducherry,3165
3124,puducherry,5495
3125,puducherry,331248
3126,puducherry,147585
3127,puducherry,92941
3128,puducherry,1524
3129,puducherry,6779
3130,puducherry,394866
3131,puducherry,158483
3132,puducherry,156137
3133,puducherry,1090
3134,puducherry,6250
3135,puducherry,559670
3136,puducherry,249621
3137,puducherry,195707
3138,puducherry,1481
3139,puducherry,6176
3140,puducherry,600290
3141,puducherry,349788
3142,puducherry,251115
3143,puducherry,1527
3144,puducherry,5201
3145,puducherry,468789
3146,puducherry,310746
3147,puducherry,249951
3148,puducherry,1555
3149,puducherry,2342
3150,puducherry,855511
3151,puducherry,560420
3152,puducherry,306852
3153,puducherry,3039
3154,puducherry,5080
3155,puducherry,1211359
3156,puducherry,1108292
3157,puducherry,383707
3158,puducherry,3783
3159,puducherry,8862
3160,puducherry,1406958
3161,puducherry,1385444
3162,puducherry,504499
3163,puducherry,5073
3164,puducherry,7458
3165,puducherry,1581221
3166,puducherry,1437110
3167,puducherry,719252
3168,puducherry,4851
3169,puducherry,8953
3170,puducherry,2273996
3171,puducherry,2089199
3172,puducherry,741388
3173,puducherry,4733
3174,puducherry,12410
3175,puducherry,3052713
3176,puducherry,2530821
3177,puducherry,762641
3178,puducherry,5995
3179,puducherry,16640
3180,puducherry,3723135
3181,puducherry,2901199
3182,puducherry,715338
3183,puducherry,6203
3184,puducherry,13301
3185,puducherry,4613049
3186,puducherry,3242208
3187,puducherry,773154
3188,puducherry,4914
3189,puducherry,10362
3190,puducherry,3992974
3191,puducherry,2474932
3192,puducherry,564285
3193,puducherry,4621
3194,puducherry,5915
3195,puducherry,4464977
3196,puducherry,2547018
3197,puducherry,531963
3198,puducherry,6073
3199,puducherry,6096
3200,puducherry,6210806
3201,puducherry,3253673
3202,puducherry,665403
3203,puducherry,6899
3204,puducherry,7514
3205,puducherry,6947299
3206,puducherry,3454536
3207,puducherry,716315
3208,puducherry,5894
3209,puducherry,6282
3210,puducherry,7931739
3211,puducherry,3700961
3212,puducherry,733610
3213,puducherry,7290
3214,puducherry,6041
3215,puducherry,8375075
3216,puducherry,3860142
3217,puducherry,737154
3218,puducherry,7952
3219,puducherry,5840
3220,punjab,946338
3221,punjab,690684
3222,punjab,87477
3223,punjab,60688
3224,punjab,85246
3225,punjab,1262450
3226,punjab,1017159
3227,punjab,147667
3228,punjab,82256
3229,punjab,71631
3230,punjab,1684209
3231,punjab,1381730
3232,punjab,274458
3233,punjab,54285
3234,punjab,67426
3235,punjab,2269375
3236,punjab,1817964
3237,punjab,648096
3238,punjab,62453
3239,punjab,89249
3240,punjab,4026294
3241,punjab,2304690
3242,punjab,711152
3243,punjab,45621
3244,punjab,84380
3245,punjab,4140474
3246,punjab,2815047
3247,punjab,1407963
3248,punjab,37435
3249,punjab,108911
3250,punjab,4726946
3251,punjab,3455594
3252,punjab,2374014
3253,punjab,32359
3254,punjab,117899
3255,punjab,6386367
3256,punjab,4068332
3257,punjab,3122413
3258,punjab,22956
3259,punjab,98557
3260,punjab,6339183
3261,punjab,4935115
3262,punjab,3838480
3263,punjab,17924
3264,punjab,87082
3265,punjab,6064807
3266,punjab,5639212
3267,punjab,2290868
3268,punjab,23314
3269,punjab,63093
3270,punjab,7354451
3271,punjab,5478668
3272,punjab,4261548
3273,punjab,32390
3274,punjab,82516
3275,punjab,9609405
3276,punjab,7144295
3277,punjab,6072201
3278,punjab,38820
3279,punjab,133204
3280,punjab,10951083
3281,punjab,9333364
3282,punjab,6332928
3283,punjab,43094
3284,punjab,110366
3285,punjab,13180933
3286,punjab,11225598
3287,punjab,7591039
3288,punjab,46218
3289,punjab,127460
3290,punjab,17024782
3291,punjab,16837685
3292,punjab,8465739
3293,punjab,43789
3294,punjab,161494
3295,punjab,22669743
3296,punjab,20663881
3297,punjab,8765579
3298,punjab,58581
3299,punjab,201576
3300,punjab,25979197
3301,punjab,22354946
3302,punjab,9188439
3303,punjab,57561
3304,punjab,178159
3305,punjab,35941880
3306,punjab,25952349
3307,punjab,10161030
3308,punjab,50483
3309,punjab,167081
3310,punjab,43089589
3311,punjab,29862592
3312,punjab,11017816
3313,punjab,57979
3314,punjab,149921
3315,punjab,48358802
3316,punjab,32377106
3317,punjab,10895208
3318,punjab,62809
3319,punjab,141255
3320,punjab,50683710
3321,punjab,33701280
3322,punjab,12305439
3323,punjab,70521
3324,punjab,149871
3325,punjab,64565961
3326,punjab,39301140
3327,punjab,13207924
3328,punjab,76961
3329,punjab,138303
3330,punjab,74881815
3331,punjab,43379354
3332,punjab,13684178
3333,punjab,92473
3334,punjab,123361
3335,punjab,81248644
3336,punjab,47365190
3337,punjab,13392115
3338,punjab,102014
3339,punjab,121032
3340,rajasthan,4305940
3341,rajasthan,2540658
3342,rajasthan,202537
3343,rajasthan,184127
3344,rajasthan,358428
3345,rajasthan,5288093
3346,rajasthan,3770555
3347,rajasthan,345752
3348,rajasthan,279471
3349,rajasthan,289826
3350,rajasthan,7120792
3351,rajasthan,5894660
3352,rajasthan,711240
3353,rajasthan,230083
3354,rajasthan,300323
3355,rajasthan,10752729
3356,rajasthan,7557003
3357,rajasthan,1985927
3358,rajasthan,311632
3359,rajasthan,352432
3360,rajasthan,27621606
3361,rajasthan,11650961
3362,rajasthan,3921438
3363,rajasthan,359993
3364,rajasthan,402042
3365,rajasthan,25257679
3366,rajasthan,14968290
3367,rajasthan,9026751
3368,rajasthan,182685
3369,rajasthan,573881
3370,rajasthan,29885618
3371,rajasthan,19646612
3372,rajasthan,16970783
3373,rajasthan,217029
3374,rajasthan,583575
3375,rajasthan,43354317
3376,rajasthan,20604852
3377,rajasthan,20544791
3378,rajasthan,101805
3379,rajasthan,468477
3380,rajasthan,48269912
3381,rajasthan,27880848
3382,rajasthan,25631131
3383,rajasthan,72604
3384,rajasthan,404317
3385,rajasthan,49160792
3386,rajasthan,31681776
3387,rajasthan,20756594
3388,rajasthan,92875
3389,rajasthan,262619
3390,rajasthan,73247856
3391,rajasthan,45149210
3392,rajasthan,30148875
3393,rajasthan,146383
3394,rajasthan,396352
3395,rajasthan,88730951
3396,rajasthan,67367264
3397,rajasthan,33455755
3398,rajasthan,169294
3399,rajasthan,560171
3400,rajasthan,116733195
3401,rajasthan,96394132
3402,rajasthan,38919519
3403,rajasthan,192936
3404,rajasthan,491137
3405,rajasthan,139277445
3406,rajasthan,97860493
3407,rajasthan,49501703
3408,rajasthan,216441
3409,rajasthan,620957
3410,rajasthan,181742972
3411,rajasthan,167819345
3412,rajasthan,49709657
3413,rajasthan,197211
3414,rajasthan,815568
3415,rajasthan,221774624
3416,rajasthan,212937264
3417,rajasthan,51610607
3418,rajasthan,265091
3419,rajasthan,1034011
3420,rajasthan,267467038
3421,rajasthan,241739380
3422,rajasthan,54555117
3423,rajasthan,244029
3424,rajasthan,956656
3425,rajasthan,336900860
3426,rajasthan,263380560
3427,rajasthan,59879660
3428,rajasthan,170705
3429,rajasthan,838365
3430,rajasthan,398104319
3431,rajasthan,299383118
3432,rajasthan,69118763
3433,rajasthan,215235
3434,rajasthan,719925
3435,rajasthan,457778005
3436,rajasthan,334316758
3437,rajasthan,72510470
3438,rajasthan,244442
3439,rajasthan,725173
3440,rajasthan,484552414
3441,rajasthan,353301155
3442,rajasthan,82232131
3443,rajasthan,259195
3444,rajasthan,751791
3445,rajasthan,592487449
3446,rajasthan,389865502
3447,rajasthan,90082184
3448,rajasthan,289948
3449,rajasthan,734255
3450,rajasthan,704324393
3451,rajasthan,438800339
3452,rajasthan,93085762
3453,rajasthan,359675
3454,rajasthan,661998
3455,rajasthan,766981185
3456,rajasthan,484250991
3457,rajasthan,97092812
3458,rajasthan,443168
3459,rajasthan,703998
3460,sikkim,26965
3461,sikkim,13559
3462,sikkim,1349
3463,sikkim,608
3464,sikkim,1597
3465,sikkim,45435
3466,sikkim,24237
3467,sikkim,2556
3468,sikkim,562
3469,sikkim,1788
3470,sikkim,58421
3471,sikkim,43195
3472,sikkim,4521
3473,sikkim,1801
3474,sikkim,79232
3475,sikkim,65451
3476,sikkim,7452
3477,sikkim,717
3478,sikkim,1681
3479,sikkim,121984
3480,sikkim,96878
3481,sikkim,18346
3482,sikkim,1225
3483,sikkim,1854
3484,sikkim,172125
3485,sikkim,142582
3486,sikkim,66722
3487,sikkim,2294
3488,sikkim,203052
3489,sikkim,188753
3490,sikkim,156125
3491,sikkim,288
3492,sikkim,4218
3493,sikkim,508471
3494,sikkim,181287
3495,sikkim,73992
3496,sikkim,373
3497,sikkim,2947
3498,sikkim,230413
3499,sikkim,215586
3500,sikkim,79881
3501,sikkim,345
3502,sikkim,1893
3503,sikkim,297620
3504,sikkim,186495
3505,sikkim,31442
3506,sikkim,883
3507,sikkim,1291
3508,sikkim,298885
3509,sikkim,245087
3510,sikkim,49299
3511,sikkim,1252
3512,sikkim,1912
3513,sikkim,334069
3514,sikkim,301382
3515,sikkim,95503
3516,sikkim,1427
3517,sikkim,2654
3518,sikkim,403703
3519,sikkim,279679
3520,sikkim,112925
3521,sikkim,1844
3522,sikkim,2038
3523,sikkim,473141
3524,sikkim,345495
3525,sikkim,153671
3526,sikkim,1865
3527,sikkim,2542
3528,sikkim,595826
3529,sikkim,346173
3530,sikkim,213808
3531,sikkim,1689
3532,sikkim,3098
3533,sikkim,831597
3534,sikkim,376078
3535,sikkim,369343
3536,sikkim,2269
3537,sikkim,5058
3538,sikkim,916940
3539,sikkim,449273
3540,sikkim,371579
3541,sikkim,2124
3542,sikkim,4386
3543,sikkim,1198014
3544,sikkim,706658
3545,sikkim,411189
3546,sikkim,1758
3547,sikkim,4462
3548,sikkim,1222037
3549,sikkim,772650
3550,sikkim,397207
3551,sikkim,1538
3552,sikkim,3326
3553,sikkim,1548662
3554,sikkim,1033541
3555,sikkim,470639
3556,sikkim,2049
3557,sikkim,3448
3558,sikkim,1779090
3559,sikkim,1067585
3560,sikkim,543957
3561,sikkim,2603
3562,sikkim,2893
3563,sikkim,2196285
3564,sikkim,1616549
3565,sikkim,594826
3566,sikkim,2790
3567,sikkim,2517
3568,sikkim,2187102
3569,sikkim,2011690
3570,sikkim,600784
3571,sikkim,3289
3572,sikkim,2072
3573,sikkim,2165502
3574,sikkim,2124031
3575,sikkim,562618
3576,sikkim,3357
3577,sikkim,1816
3578,tamil-nadu,3308548
3579,tamil-nadu,2670613
3580,tamil-nadu,326510
3581,tamil-nadu,115363
3582,tamil-nadu,305588
3583,tamil-nadu,4464677
3584,tamil-nadu,4433762
3585,tamil-nadu,627918
3586,tamil-nadu,167035
3587,tamil-nadu,298736
3588,tamil-nadu,8810836
3589,tamil-nadu,5148411
3590,tamil-nadu,1290978
3591,tamil-nadu,191732
3592,tamil-nadu,332121
3593,tamil-nadu,11538547
3594,tamil-nadu,7093764
3595,tamil-nadu,3145621
3596,tamil-nadu,228398
3597,tamil-nadu,451114
3598,tamil-nadu,18645926
3599,tamil-nadu,8863289
3600,tamil-nadu,4195222
3601,tamil-nadu,193261
3602,tamil-nadu,377347
3603,tamil-nadu,16952961
3604,tamil-nadu,8414514
3605,tamil-nadu,6296995
3606,tamil-nadu,70142
3607,tamil-nadu,437125
3608,tamil-nadu,21277636
3609,tamil-nadu,10344027
3610,tamil-nadu,9246678
3611,tamil-nadu,88261
3612,tamil-nadu,453581
3613,tamil-nadu,28814008
3614,tamil-nadu,16153034
3615,tamil-nadu,11157765
3616,tamil-nadu,60624
3617,tamil-nadu,410980
3618,tamil-nadu,30880360
3619,tamil-nadu,21541556
3620,tamil-nadu,14134259
3621,tamil-nadu,61427
3622,tamil-nadu,335871
3623,tamil-nadu,21700844
3624,tamil-nadu,18474731
3625,tamil-nadu,11477546
3626,tamil-nadu,78584
3627,tamil-nadu,138405
3628,tamil-nadu,31754077
3629,tamil-nadu,20664887
3630,tamil-nadu,17521756
3631,tamil-nadu,129671
3632,tamil-nadu,207434
3633,tamil-nadu,47800741
3634,tamil-nadu,41297305
3635,tamil-nadu,21563946
3636,tamil-nadu,153044
3637,tamil-nadu,364665
3638,tamil-nadu,57446279
3639,tamil-nadu,53811885
3640,tamil-nadu,24826273
3641,tamil-nadu,170620
3642,tamil-nadu,301617
3643,tamil-nadu,60812902
3644,tamil-nadu,52048347
3645,tamil-nadu,32753032
3646,tamil-nadu,192614
3647,tamil-nadu,351547
3648,tamil-nadu,85074941
3649,tamil-nadu,83833356
3650,tamil-nadu,34751691
3651,tamil-nadu,182097
3652,tamil-nadu,515319
3653,tamil-nadu,117578360
3654,tamil-nadu,104493071
3655,tamil-nadu,36163870
3656,tamil-nadu,228761
3657,tamil-nadu,691914
3658,tamil-nadu,139788772
3659,tamil-nadu,119383791
3660,tamil-nadu,34579431
3661,tamil-nadu,241201
3662,tamil-nadu,579955
3663,tamil-nadu,179245529
3664,tamil-nadu,136341691
3665,tamil-nadu,38257271
3666,tamil-nadu,202498
3667,tamil-nadu,459948
3668,tamil-nadu,202149276
3669,tamil-nadu,148805657
3670,tamil-nadu,41919063
3671,tamil-nadu,217741
3672,tamil-nadu,404438
3673,tamil-nadu,229308285
3674,tamil-nadu,162920305
3675,tamil-nadu,43391904
3676,tamil-nadu,295740
3677,tamil-nadu,400402
3678,tamil-nadu,248540772
3679,tamil-nadu,169269032
3680,tamil-nadu,42745926
3681,tamil-nadu,281287
3682,tamil-nadu,375370
3683,tamil-nadu,270279446
3684,tamil-nadu,181169979
3685,tamil-nadu,46387359
3686,tamil-nadu,273888
3687,tamil-nadu,318966
3688,tamil-nadu,309648502
3689,tamil-nadu,198678217
3690,tamil-nadu,47138716
3691,tamil-nadu,320645
3692,tamil-nadu,298928
3693,tamil-nadu,336838248
3694,tamil-nadu,208592985
3695,tamil-nadu,47390155
3696,tamil-nadu,381269
3697,tamil-nadu,278724
3698,telangana,4209319
3699,telangana,3307245
3700,telangana,351474
3701,telangana,262876
3702,telangana,391852
3703,telangana,4784079
3704,telangana,4686542
3705,telangana,701082
3706,telangana,277805
3707,telangana,315162
3708,telangana,11560952
3709,telangana,5328881
3710,telangana,1770075
3711,telangana,307312
3712,telangana,365483
3713,telangana,15571288
3714,telangana,7121135
3715,telangana,5315161
3716,telangana,392423
3717,telangana,521147
3718,telangana,40488967
3719,telangana,12341901
3720,telangana,11525394
3721,telangana,463688
3722,telangana,470752
3723,telangana,46741594
3724,telangana,25682382
3725,telangana,16225017
3726,telangana,252173
3727,telangana,709213
3728,telangana,59981113
3729,telangana,44035953
3730,telangana,16437222
3731,telangana,183163
3732,telangana,857925
3733,telangana,82587060
3734,telangana,59347809
3735,telangana,20797056
3736,telangana,137291
3737,telangana,703042
3738,telangana,95668911
3739,telangana,76818285
3740,telangana,26324268
3741,telangana,88184
3742,telangana,509877
3743,telangana,76683293
3744,telangana,44181999
3745,telangana,30885875
3746,telangana,116776
3747,telangana,187200
3748,telangana,116668399
3749,telangana,86836471
3750,telangana,32352860
3751,telangana,195857
3752,telangana,318539
3753,telangana,160607487
3754,telangana,143897953
3755,telangana,38174710
3756,telangana,230134
3757,telangana,733503
3758,telangana,185230619
3759,telangana,179738195
3760,telangana,46371555
3761,telangana,262473
3762,telangana,969268
3763,telangana,230861833
3764,telangana,205232899
3765,telangana,58637866
3766,telangana,278546
3767,telangana,856400
3768,telangana,286735350
3769,telangana,271436926
3770,telangana,62744121
3771,telangana,235519
3772,telangana,1734852
3773,telangana,376584215
3774,telangana,331774591
3775,telangana,66477036
3776,telangana,298871
3777,telangana,855060
3778,telangana,449186799
3779,telangana,368048408
3780,telangana,66352138
3781,telangana,284035
3782,telangana,2582005
3783,telangana,565370506
3784,telangana,422056582
3785,telangana,75099130
3786,telangana,245023
3787,telangana,611316
3788,telangana,880414292
3789,telangana,626830752
3790,telangana,119779835
3791,telangana,340458
3792,telangana,800064
3793,telangana,1002521735
3794,telangana,694612831
3795,telangana,121188131
3796,telangana,401838
3797,telangana,782297
3798,telangana,830385203
3799,telangana,522865792
3800,telangana,86187673
3801,telangana,326874
3802,telangana,565916
3803,telangana,977182965
3804,telangana,593322476
3805,telangana,94107914
3806,telangana,354045
3807,telangana,463571
3808,telangana,1128208049
3809,telangana,647331506
3810,telangana,98661838
3811,telangana,420147
3812,telangana,424384
3813,telangana,1225132365
3814,telangana,695789540
3815,telangana,99012602
3816,telangana,483067
3817,telangana,404604
3818,tripura,86819
3819,tripura,44844
3820,tripura,4842
3821,tripura,4833
3822,tripura,6819
3823,tripura,118171
3824,tripura,73821
3825,tripura,9621
3826,tripura,6925
3827,tripura,6021
3828,tripura,186065
3829,tripura,156308
3830,tripura,21476
3831,tripura,8106
3832,tripura,5748
3833,tripura,204720
3834,tripura,179739
3835,tripura,50888
3836,tripura,6441
3837,tripura,6271
3838,tripura,296993
3839,tripura,227997
3840,tripura,46642
3841,tripura,4189
3842,tripura,5105
3843,tripura,240776
3844,tripura,218649
3845,tripura,64829
3846,tripura,1899
3847,tripura,6405
3848,tripura,339539
3849,tripura,270163
3850,tripura,68399
3851,tripura,27970
3852,tripura,5646
3853,tripura,373779
3854,tripura,359076
3855,tripura,62458
3856,tripura,2239
3857,tripura,4272
3858,tripura,449584
3859,tripura,366218
3860,tripura,102861
3861,tripura,1722
3862,tripura,4117
3863,tripura,600206
3864,tripura,346863
3865,tripura,97816
3866,tripura,2904
3867,tripura,4731
3868,tripura,627363
3869,tripura,477769
3870,tripura,202106
3871,tripura,3828
3872,tripura,650386
3873,tripura,631611
3874,tripura,357567
3875,tripura,4084
3876,tripura,8242
3877,tripura,643366
3878,tripura,508718
3879,tripura,350366
3880,tripura,3146
3881,tripura,5827
3882,tripura,703728
3883,tripura,589839
3884,tripura,440060
3885,tripura,3656
3886,tripura,7146
3887,tripura,864329
3888,tripura,620991
3889,tripura,584079
3890,tripura,2886
3891,tripura,8915
3892,tripura,1060915
3893,tripura,793636
3894,tripura,650251
3895,tripura,3635
3896,tripura,12256
3897,tripura,1221863
3898,tripura,992891
3899,tripura,641170
3900,tripura,4351
3901,tripura,10915
3902,tripura,1443647
3903,tripura,1322009
3904,tripura,638643
3905,tripura,3812
3906,tripura,10553
3907,tripura,1836678
3908,tripura,1660497
3909,tripura,745382
3910,tripura,4343
3911,tripura,9679
3912,tripura,2252390
3913,tripura,2054988
3914,tripura,874800
3915,tripura,5787
3916,tripura,10225
3917,tripura,2991978
3918,tripura,2961284
3919,tripura,1146228
3920,tripura,7716
3921,tripura,11481
3922,tripura,3654027
3923,tripura,3144448
3924,tripura,1112236
3925,tripura,8100
3926,tripura,10732
3927,tripura,4388876
3928,tripura,3553878
3929,tripura,1144676
3930,tripura,11060
3931,tripura,10272
3932,tripura,5112814
3933,tripura,3854572
3934,tripura,1152820
3935,tripura,10341
3936,tripura,10363
3937,uttar-pradesh,7003704
3938,uttar-pradesh,4123625
3939,uttar-pradesh,442436
3940,uttar-pradesh,397328
3941,uttar-pradesh,570712
3942,uttar-pradesh,9232131
3943,uttar-pradesh,6484369
3944,uttar-pradesh,909545
3945,uttar-pradesh,563213
3946,uttar-pradesh,521685
3947,uttar-pradesh,13828768
3948,uttar-pradesh,9140873
3949,uttar-pradesh,2397448
3950,uttar-pradesh,603303
3951,uttar-pradesh,544964
3952,uttar-pradesh,15804910
3953,uttar-pradesh,11976808
3954,uttar-pradesh,6953857
3955,uttar-pradesh,517619
3956,uttar-pradesh,847573
3957,uttar-pradesh,32062452
3958,uttar-pradesh,15400713
3959,uttar-pradesh,8558766
3960,uttar-pradesh,389733
3961,uttar-pradesh,912840
3962,uttar-pradesh,27105049
3963,uttar-pradesh,17551537
3964,uttar-pradesh,12733089
3965,uttar-pradesh,264091
3966,uttar-pradesh,1229734
3967,uttar-pradesh,26990786
3968,uttar-pradesh,20359672
3969,uttar-pradesh,19625935
3970,uttar-pradesh,258548
3971,uttar-pradesh,1389018
3972,uttar-pradesh,40540310
3973,uttar-pradesh,24299776
3974,uttar-pradesh,20582052
3975,uttar-pradesh,242936
3976,uttar-pradesh,1239931
3977,uttar-pradesh,39581157
3978,uttar-pradesh,29777603
3979,uttar-pradesh,26741638
3980,uttar-pradesh,139990
3981,uttar-pradesh,998744
3982,uttar-pradesh,42229417
3983,uttar-pradesh,39434202
3984,uttar-pradesh,18625913
3985,uttar-pradesh,150360
3986,uttar-pradesh,412073
3987,uttar-pradesh,54449911
3988,uttar-pradesh,37465163
3989,uttar-pradesh,34697942
3990,uttar-pradesh,206210
3991,uttar-pradesh,586033
3992,uttar-pradesh,75433782
3993,uttar-pradesh,61922138
3994,uttar-pradesh,39570153
3995,uttar-pradesh,246868
3996,uttar-pradesh,994576
3997,uttar-pradesh,85539321
3998,uttar-pradesh,78873969
3999,uttar-pradesh,38981894
4000,uttar-pradesh,250656
4001,uttar-pradesh,853707
4002,uttar-pradesh,102927942
4003,uttar-pradesh,84860582
4004,uttar-pradesh,53030710
4005,uttar-pradesh,270944
4006,uttar-pradesh,858953
4007,uttar-pradesh,127945827
4008,uttar-pradesh,126699830
4009,uttar-pradesh,50414232
4010,uttar-pradesh,253418
4011,uttar-pradesh,1230077
4012,uttar-pradesh,183966052
4013,uttar-pradesh,167503176
4014,uttar-pradesh,52863531
4015,uttar-pradesh,353219
4016,uttar-pradesh,1471954
4017,uttar-pradesh,221556930
4018,uttar-pradesh,195592648
4019,uttar-pradesh,54873261
4020,uttar-pradesh,358499
4021,uttar-pradesh,1571908
4022,uttar-pradesh,298721048
4023,uttar-pradesh,232444860
4024,uttar-pradesh,62659780
4025,uttar-pradesh,268349
4026,uttar-pradesh,1204739
4027,uttar-pradesh,361972506
4028,uttar-pradesh,267205027
4029,uttar-pradesh,72984811
4030,uttar-pradesh,367887
4031,uttar-pradesh,1058841
4032,uttar-pradesh,439247166
4033,uttar-pradesh,317613698
4034,uttar-pradesh,78025017
4035,uttar-pradesh,418329
4036,uttar-pradesh,1064861
4037,uttar-pradesh,520911142
4038,uttar-pradesh,383752815
4039,uttar-pradesh,96225086
4040,uttar-pradesh,486982
4041,uttar-pradesh,1181697
4042,uttar-pradesh,653469610
4043,uttar-pradesh,446787898
4044,uttar-pradesh,109571801
4045,uttar-pradesh,506431
4046,uttar-pradesh,1074842
4047,uttar-pradesh,754249074
4048,uttar-pradesh,488395790
4049,uttar-pradesh,110408404
4050,uttar-pradesh,624941
4051,uttar-pradesh,944257
4052,uttar-pradesh,875617035
4053,uttar-pradesh,575043255
4054,uttar-pradesh,114346855
4055,uttar-pradesh,736922
4056,uttar-pradesh,961315
4057,uttarakhand,730428
4058,uttarakhand,399545
4059,uttarakhand,35382
4060,uttarakhand,27761
4061,uttarakhand,53569
4062,uttarakhand,946332
4063,uttarakhand,620490
4064,uttarakhand,60494
4065,uttarakhand,29919
4066,uttarakhand,46887
4067,uttarakhand,1049725
4068,uttarakhand,1004356
4069,uttarakhand,112342
4070,uttarakhand,22792
4071,uttarakhand,39917
4072,uttarakhand,1556731
4073,uttarakhand,1252124
4074,uttarakhand,289733
4075,uttarakhand,29916
4076,uttarakhand,50257
4077,uttarakhand,3499130
4078,uttarakhand,1590269
4079,uttarakhand,372290
4080,uttarakhand,28784
4081,uttarakhand,55528
4082,uttarakhand,2383662
4083,uttarakhand,1616176
4084,uttarakhand,721858
4085,uttarakhand,21852
4086,uttarakhand,69727
4087,uttarakhand,2313544
4088,uttarakhand,2201606
4089,uttarakhand,1121052
4090,uttarakhand,12119
4091,uttarakhand,62155
4092,uttarakhand,3210116
4093,uttarakhand,2547173
4094,uttarakhand,1542944
4095,uttarakhand,11585
4096,uttarakhand,50298
4097,uttarakhand,3792776
4098,uttarakhand,2990764
4099,uttarakhand,2289657
4100,uttarakhand,10246
4101,uttarakhand,48341
4102,uttarakhand,3755695
4103,uttarakhand,3656029
4104,uttarakhand,1587042
4105,uttarakhand,15023
4106,uttarakhand,33981
4107,uttarakhand,4836512
4108,uttarakhand,3751993
4109,uttarakhand,3164623
4110,uttarakhand,20455
4111,uttarakhand,45352
4112,uttarakhand,6748183
4113,uttarakhand,6629201
4114,uttarakhand,4140391
4115,uttarakhand,27120
4116,uttarakhand,68376
4117,uttarakhand,8393767
4118,uttarakhand,7981710
4119,uttarakhand,4146569
4120,uttarakhand,30208
4121,uttarakhand,56148
4122,uttarakhand,9374939
4123,uttarakhand,9134389
4124,uttarakhand,5388285
4125,uttarakhand,31497
4126,uttarakhand,71322
4127,uttarakhand,13673085
4128,uttarakhand,11867174
4129,uttarakhand,5388011
4130,uttarakhand,27839
4131,uttarakhand,86175
4132,uttarakhand,19850878
4133,uttarakhand,14819203
4134,uttarakhand,5536262
4135,uttarakhand,38764
4136,uttarakhand,116173
4137,uttarakhand,22595602
4138,uttarakhand,16201632
4139,uttarakhand,5617605
4140,uttarakhand,39033
4141,uttarakhand,106900
4142,uttarakhand,32087670
4143,uttarakhand,19677409
4144,uttarakhand,6263098
4145,uttarakhand,32284
4146,uttarakhand,106417
4147,uttarakhand,35069444
4148,uttarakhand,22031045
4149,uttarakhand,6765699
4150,uttarakhand,38061
4151,uttarakhand,92270
4152,uttarakhand,43185705
4153,uttarakhand,27043038
4154,uttarakhand,7610775
4155,uttarakhand,44569
4156,uttarakhand,99793
4157,uttarakhand,46150691
4158,uttarakhand,25105743
4159,uttarakhand,7974874
4160,uttarakhand,49836
4161,uttarakhand,104531
4162,uttarakhand,61652430
4163,uttarakhand,31690416
4164,uttarakhand,9247601
4165,uttarakhand,58524
4166,uttarakhand,109243
4167,uttarakhand,64872613
4168,uttarakhand,32232624
4169,uttarakhand,9017620
4170,uttarakhand,63561
4171,uttarakhand,98269
4172,uttarakhand,73028369
4173,uttarakhand,36069901
4174,uttarakhand,8790080
4175,uttarakhand,77149
4176,uttarakhand,105941
4177,west-bengal,5773831
4178,west-bengal,4383075
4179,west-bengal,665171
4180,west-bengal,443378
4181,west-bengal,444770
4182,west-bengal,8284944
4183,west-bengal,7360522
4184,west-bengal,1121570
4185,west-bengal,937608
4186,west-bengal,377802
4187,west-bengal,41882429
4188,west-bengal,7596315
4189,west-bengal,2252265
4190,west-bengal,1619524
4191,west-bengal,354883
4192,west-bengal,17154995
4193,west-bengal,9425082
4194,west-bengal,8633569
4195,west-bengal,734796
4196,west-bengal,565106
4197,west-bengal,27374206
4198,west-bengal,11659948
4199,west-bengal,7636726
4200,west-bengal,525650
4201,west-bengal,429858
4202,west-bengal,20285958
4203,west-bengal,13646142
4204,west-bengal,12129638
4205,west-bengal,421037
4206,west-bengal,540760
4207,west-bengal,30804036
4208,west-bengal,21522913
4209,west-bengal,13011501
4210,west-bengal,558653
4211,west-bengal,547726
4212,west-bengal,67037576
4213,west-bengal,14511711
4214,west-bengal,14187744
4215,west-bengal,653648
4216,west-bengal,415159
4217,west-bengal,28457404
4218,west-bengal,19779392
4219,west-bengal,17448908
4220,west-bengal,210068
4221,west-bengal,354609
4222,west-bengal,24855687
4223,west-bengal,22220012
4224,west-bengal,10225729
4225,west-bengal,130595
4226,west-bengal,244774
4227,west-bengal,37556349
4228,west-bengal,22284079
4229,west-bengal,19599024
4230,west-bengal,151996
4231,west-bengal,363056
4232,west-bengal,46437233
4233,west-bengal,30077510
4234,west-bengal,23158305
4235,west-bengal,178455
4236,west-bengal,489142
4237,west-bengal,53869075
4238,west-bengal,37143701
4239,west-bengal,26673733
4240,west-bengal,166727
4241,west-bengal,400816
4242,west-bengal,64661051
4243,west-bengal,41696787
4244,west-bengal,34799709
4245,west-bengal,190537
4246,west-bengal,549353
4247,west-bengal,84353949
4248,west-bengal,58800005
4249,west-bengal,37556310
4250,west-bengal,189087
4251,west-bengal,813637
4252,west-bengal,105728377
4253,west-bengal,80248673
4254,west-bengal,37801439
4255,west-bengal,252535
4256,west-bengal,998536
4257,west-bengal,124787028
4258,west-bengal,97315025
4259,west-bengal,37317865
4260,west-bengal,239530
4261,west-bengal,845644
4262,west-bengal,145395450
4263,west-bengal,126682135
4264,west-bengal,42712193
4265,west-bengal,191724
4266,west-bengal,760639
4267,west-bengal,163523844
4268,west-bengal,145181044
4269,west-bengal,47208496
4270,west-bengal,238746
4271,west-bengal,640258
4272,west-bengal,184380244
4273,west-bengal,171667404
4274,west-bengal,48921147
4275,west-bengal,268388
4276,west-bengal,610414
4277,west-bengal,209399898
4278,west-bengal,196695397
4279,west-bengal,52273240
4280,west-bengal,287719
4281,west-bengal,622090
4282,west-bengal,245111000
4283,west-bengal,240347041
4284,west-bengal,58950434
4285,west-bengal,327537
4286,west-bengal,581674
4287,west-bengal,296965002
4288,west-bengal,271150280
4289,west-bengal,63055684
4290,west-bengal,389751
4291,west-bengal,532474
4292,west-bengal,354067997
4293,west-bengal,317959249
4294,west-bengal,64920775
4295,west-bengal,480740
4296,west-bengal,524477
